Title,Winner,Award,Year
"Nomadland",Y,Picture,2020
"Judas and the Black Messiah",N,Picture,2020
"Mank",N,Picture,2020
"Minari",N,Picture,2020
"Promising Young Woman",N,Picture,2020
"Sound of Metal",N,Picture,2020
"The Father",N,Picture,2020
"The Trial of the Chicago 7",N,Picture,2020
"Anthony Hopkins",Y,Actor,2020
"Riz Ahmed",N,Actor,2020
"Chadwick Boseman",N,Actor,2020
"Gary Oldman",N,Actor,2020
"Steven Yeun",N,Actor,2020
"Frances McDormand",Y,Actress,2020
"Viola Davis",N,Actress,2020
"Andra Day",N,Actress,2020
"Vanessa Kirby",N,Actress,2020
"Carey Mulligan",N,Actress,2020
"Daniel Kaluuya",Y,Supporting Actor,2020
"Sacha Baron Cohen",N,Supporting Actor,2020
"Leslie Odom Jr.",N,Supporting Actor,2020
"Paul Raci",N,Supporting Actor,2020
"LaKeith Stanfield",N,Supporting Actor,2020
"Youn Yuh-jung",Y,Supporting Actress,2020
"Maria Bakalova",N,Supporting Actress,2020
"Glenn Close",N,Supporting Actress,2020
"Olivia Colman",N,Supporting Actress,2020
"Amanda Seyfried",N,Supporting Actress,2020
"Parasite",Y,Picture,2019
"1917",N,Picture,2019
"Ford v Ferrari",N,Picture,2019
"Jojo Rabbit",N,Picture,2019
"Joker",N,Picture,2019
"Little Women",N,Picture,2019
"Marriage Story",N,Picture,2019
"Once Upon a Time in Hollywood",N,Picture,2019
"The Irishman",N,Picture,2019
"Joaquin Phoenix",Y,Actor,2019
"Leonardo DiCaprio",N,Actor,2019
"Adam Driver",N,Actor,2019
"Antonio Banderas",N,Actor,2019
"Jonathan Pryce",N,Actor,2019
"Renée Zellweger",Y,Actress,2019
"Cynthia Erivo",N,Actress,2019
"Scarlett Johansson",N,Actress,2019
"Saoirse Ronan",N,Actress,2019
"Charlize Theron",N,Actress,2019
"Brad Pitt",Y,Supporting Actor,2019
"Tom Hanks",N,Supporting Actor,2019
"Anthony Hopkins",N,Supporting Actor,2019
"Al Pacino",N,Supporting Actor,2019
"Joe Pesci",N,Supporting Actor,2019
"Laura Dern",Y,Supporting Actress,2019
"Kathy Bates",N,Supporting Actress,2019
"Scarlett Johansson",N,Supporting Actress,2019
"Florence Pugh",N,Supporting Actress,2019
"Margot Robbie",N,Supporting Actress,2019
"Green Book",Y,Picture,2018
"A Star Is Born",N,Picture,2018
"Black Panther",N,Picture,2018
"BlacKkKlansman",N,Picture,2018
"Bohemian Rhapsody",N,Picture,2018
"Roma",N,Picture,2018
"The Favourite",N,Picture,2018
"Vice",N,Picture,2018
"Rami Malek",Y,Actor,2018
"Christian Bale",N,Actor,2018
"Bradley Cooper",N,Actor,2018
"Willem Dafoe",N,Actor,2018
"Viggo Mortensen",N,Actor,2018
"Olivia Colman",Y,Actress,2018
"Yalitza Aparicio",N,Actress,2018
"Glenn Close",N,Actress,2018
"Lady Gaga",N,Actress,2018
"Melissa McCarthy",N,Actress,2018
"Mahershala Ali",Y,Supporting Actor,2018
"Adam Driver",N,Supporting Actor,2018
"Sam Elliott",N,Supporting Actor,2018
"Richard E. Grant",N,Supporting Actor,2018
"Sam Rockwell",N,Supporting Actor,2018
"Regina King",Y,Supporting Actress,2018
"Amy Adams",N,Supporting Actress,2018
"Marina de Tavira",N,Supporting Actress,2018
"Emma Stone",N,Supporting Actress,2018
"Rachel Weisz",N,Supporting Actress,2018
"The Shape of Water",Y,Picture,2017
"Call Me by Your Name",N,Picture,2017
"Darkest Hour",N,Picture,2017
"Dunkirk",N,Picture,2017
"Get Out",N,Picture,2017
"Lady Bird",N,Picture,2017
"Phantom Thread",N,Picture,2017
"The Post",N,Picture,2017
"Three Billboards Outside Ebbing, Missouri",N,Picture,2017
"Gary Oldman",Y,Actor,2017
"Timothée Chalamet",N,Actor,2017
"Daniel Day-Lewis",N,Actor,2017
"Daniel Kaluuya",N,Actor,2017
"Denzel Washington",N,Actor,2017
"Frances McDormand",Y,Actress,2017
"Sally Hawkins",N,Actress,2017
"Margot Robbie",N,Actress,2017
"Saoirse Ronan",N,Actress,2017
"Meryl Streep",N,Actress,2017
"Sam Rockwell",Y,Supporting Actor,2017
"Willem Dafoe",N,Supporting Actor,2017
"Woody Harrelson",N,Supporting Actor,2017
"Richard Jenkins",N,Supporting Actor,2017
"Christopher Plummer",N,Supporting Actor,2017
"Allison Janney",Y,Supporting Actress,2017
"Mary J. Blige",N,Supporting Actress,2017
"Lesley Manville",N,Supporting Actress,2017
"Laurie Metcalf",N,Supporting Actress,2017
"Octavia Spencer",N,Supporting Actress,2017
"Moonlight",Y,Picture,2016
"Arrival",N,Picture,2016
"Fences",N,Picture,2016
"Hacksaw Ridge",N,Picture,2016
"Hell or High Water",N,Picture,2016
"Hidden Figures",N,Picture,2016
"La La Land",N,Picture,2016
"Lion",N,Picture,2016
"Manchester by the Sea",N,Picture,2016
"Casey Affleck",Y,Actor,2016
"Andrew Garfield",N,Actor,2016
"Ryan Gosling",N,Actor,2016
"Viggo Mortensen",N,Actor,2016
"Denzel Washington",N,Actor,2016
"Emma Stone",Y,Actress,2016
"Isabelle Huppert",N,Actress,2016
"Ruth Negga",N,Actress,2016
"Natalie Portman",N,Actress,2016
"Meryl Streep",N,Actress,2016
"Mahershala Ali",Y,Supporting Actor,2016
"Jeff Bridges",N,Supporting Actor,2016
"Lucas Hedges",N,Supporting Actor,2016
"Dev Patel",N,Supporting Actor,2016
"Michael Shannon",N,Supporting Actor,2016
"Viola Davis",Y,Supporting Actress,2016
"Naomie Harris",N,Supporting Actress,2016
"Nicole Kidman",N,Supporting Actress,2016
"Octavia Spencer",N,Supporting Actress,2016
"Michelle Williams",N,Supporting Actress,2016
"Spotlight",Y,Picture,2015
"Bridge of Spies",N,Picture,2015
"Brooklyn",N,Picture,2015
"Mad Max: Fury Road",N,Picture,2015
"Room",N,Picture,2015
"The Big Short",N,Picture,2015
"The Martian",N,Picture,2015
"The Revenant",N,Picture,2015
"Leonardo DiCaprio",Y,Actor,2015
"Bryan Cranston",N,Actor,2015
"Matt Damon",N,Actor,2015
"Michael Fassbender",N,Actor,2015
"Eddie Redmayne",N,Actor,2015
"Brie Larson",Y,Actress,2015
"Cate Blanchett",N,Actress,2015
"Jennifer Lawrence",N,Actress,2015
"Charlotte Rampling",N,Actress,2015
"Saoirse Ronan",N,Actress,2015
"Mark Rylance",Y,Supporting Actor,2015
"Christian Bale",N,Supporting Actor,2015
"Tom Hardy",N,Supporting Actor,2015
"Mark Ruffalo",N,Supporting Actor,2015
"Sylvester Stallone",N,Supporting Actor,2015
"Alicia Vikander",Y,Supporting Actress,2015
"Jennifer Jason Leigh",N,Supporting Actress,2015
"Rooney Mara",N,Supporting Actress,2015
"Rachel McAdams",N,Supporting Actress,2015
"Kate Winslet",N,Supporting Actress,2015
"Birdman",Y,Picture,2014
"American Sniper",N,Picture,2014
"Boyhood",N,Picture,2014
"Selma",N,Picture,2014
"The Grand Budapest Hotel",N,Picture,2014
"The Imitation Game",N,Picture,2014
"The Theory of Everything",N,Picture,2014
"Whiplash",N,Picture,2014
"Eddie Redmayne",Y,Actor,2014
"Benedict Cumberbatch",N,Actor,2014
"Bradley Cooper",N,Actor,2014
"Michael Keaton",N,Actor,2014
"Steve Carell",N,Actor,2014
"Julianne Moore",Y,Actress,2014
"Felicity Jones",N,Actress,2014
"Marion Cotillard",N,Actress,2014
"Reese Witherspoon",N,Actress,2014
"Rosamund Pike",N,Actress,2014
"J. K. Simmons",Y,Supporting Actor,2014
"Edward Norton",N,Supporting Actor,2014
"Ethan Hawke",N,Supporting Actor,2014
"Mark Ruffalo",N,Supporting Actor,2014
"Robert Duvall",N,Supporting Actor,2014
"Patricia Arquette",Y,Supporting Actress,2014
"Emma Stone",N,Supporting Actress,2014
"Keira Knightley",N,Supporting Actress,2014
"Laura Dern",N,Supporting Actress,2014
"Meryl Streep",N,Supporting Actress,2014
"12 Years a Slave",Y,Picture,2013
"American Hustle",N,Picture,2013
"Captain Phillips",N,Picture,2013
"Dallas Buyers Club",N,Picture,2013
"Gravity",N,Picture,2013
"Her",N,Picture,2013
"Nebraska",N,Picture,2013
"Philomena",N,Picture,2013
"The Wolf of Wall Street",N,Picture,2013
"Matthew McConaughey",Y,Actor,2013
"Christian Bale",N,Actor,2013
"Bruce Dern",N,Actor,2013
"Leonardo DiCaprio",N,Actor,2013
"Chiwetel Ejiofor",N,Actor,2013
"Cate Blanchett",Y,Actress,2013
"Amy Adams",N,Actress,2013
"Sandra Bullock",N,Actress,2013
"Judi Dench",N,Actress,2013
"Meryl Streep",N,Actress,2013
"Jared Leto",Y,Supporting Actor,2013
"Barkhad Abdi",N,Supporting Actor,2013
"Bradley Cooper",N,Supporting Actor,2013
"Michael Fassbender",N,Supporting Actor,2013
"Jonah Hill",N,Supporting Actor,2013
"Lupita Nyong'o",Y,Supporting Actress,2013
"Sally Hawkins",N,Supporting Actress,2013
"Jennifer Lawrence",N,Supporting Actress,2013
"Julia Roberts",N,Supporting Actress,2013
"June Squibb",N,Supporting Actress,2013
"Amour",N,Picture,2012
"Argo",Y,Picture,2012
"Beasts of the Southern Wild",N,Picture,2012
"Django Unchained",N,Picture,2012
"Les Mis�rables",N,Picture,2012
"Life of Pi",N,Picture,2012
"Lincoln",N,Picture,2012
"Silver Linings Playbook",N,Picture,2012
"Zero Dark Thirty",N,Picture,2012
"Bradley Cooper",N,Actor,2012
"Daniel Day-Lewis",Y,Actor,2012
"Hugh Jackman",N,Actor,2012
"Joaquin Phoenix",N,Actor,2012
"Denzel Washington",N,Actor,2012
"Jessica Chastain",N,Actress,2012
"Jennifer Lawrence",Y,Actress,2012
"Emmanuelle Riva",N,Actress,2012
"Quvenzhané Wallis",N,Actress,2012
"Naomi Watts",N,Actress,2012
"Alan Arkin",N,Supporting Actor,2012
"Robert De Niro",N,Supporting Actor,2012
"Philip Seymour Hoffman",N,Supporting Actor,2012
"Tommy Lee Jones",N,Supporting Actor,2012
"Christoph Waltz",Y,Supporting Actor,2012
"Amy Adams",N,Supporting Actress,2012
"Sally Field",N,Supporting Actress,2012
"Anne Hathaway",Y,Supporting Actress,2012
"Helen Hunt",N,Supporting Actress,2012
"Jacki Weaver",N,Supporting Actress,2012
"The Artist",Y,Picture,2011
"Extremely Loud and Incredibly Close",N,Picture,2011
"Hugo",N,Picture,2011
"Midnight in Paris",N,Picture,2011
"Moneyball",N,Picture,2011
"The Descendants",N,Picture,2011
"The Help",N,Picture,2011
"The Tree of Life",N,Picture,2011
"War Horse",N,Picture,2011
"Jean Dujardin",Y,Actor,2011
"Demián Bichir",N,Actor,2011
"George Clooney",N,Actor,2011
"Gary Oldman",N,Actor,2011
"Brad Pitt",N,Actor,2011
"Meryl Streep",Y,Actress,2011
"Glenn Close",N,Actress,2011
"Viola Davis",N,Actress,2011
"Rooney Mara",N,Actress,2011
"Michelle Williams",N,Actress,2011
"Christopher Plummer",Y,Supporting Actor,2011
"Kenneth Branagh",N,Supporting Actor,2011
"Jonah Hill",N,Supporting Actor,2011
"Nick Nolte",N,Supporting Actor,2011
"Max von Sydow",N,Supporting Actor,2011
"Octavia Spencer",Y,Supporting Actress,2011
"Bérénice Bejo",N,Supporting Actress,2011
"Jessica Chastain",N,Supporting Actress,2011
"Melissa McCarthy",N,Supporting Actress,2011
"Janet McTeer",N,Supporting Actress,2011
"The King's Speech",Y,Picture,2010
"127 Hours",N,Picture,2010
"Black Swan",N,Picture,2010
"Inception",N,Picture,2010
"The Fighter",N,Picture,2010
"The Kids Are All Right",N,Picture,2010
"The Social Network",N,Picture,2010
"Toy Story 3",N,Picture,2010
"True Grit",N,Picture,2010
"Winter's Bone",N,Picture,2010
"Colin Firth",Y,Actor,2010
"Javier Bardem",N,Actor,2010
"Jeff Bridges",N,Actor,2010
"Jesse Eisenberg",N,Actor,2010
"James Franco",N,Actor,2010
"Natalie Portman",Y,Actress,2010
"Annette Bening",N,Actress,2010
"Nicole Kidman",N,Actress,2010
"Jennifer Lawrence",N,Actress,2010
"Michelle Williams",N,Actress,2010
"Christian Bale",Y,Supporting Actor,2010
"John Hawkes",N,Supporting Actor,2010
"Jeremy Renner",N,Supporting Actor,2010
"Mark Ruffalo",N,Supporting Actor,2010
"Geoffrey Rush",N,Supporting Actor,2010
"Melissa Leo",Y,Supporting Actress,2010
"Amy Adams",N,Supporting Actress,2010
"Helena Bonham Carter",N,Supporting Actress,2010
"Hailee Steinfeld",N,Supporting Actress,2010
"Jacki Weaver",N,Supporting Actress,2010
"The Hurt Locker",Y,Picture,2009
"A Serious Man",N,Picture,2009
"An Education",N,Picture,2009
"Avatar",N,Picture,2009
"District 9",N,Picture,2009
"Inglourious Basterds",N,Picture,2009
"Precious",N,Picture,2009
"The Blind Side",N,Picture,2009
"Up",N,Picture,2009
"Up in the Air",N,Picture,2009
"Jeff Bridges",Y,Actor,2009
"George Clooney",N,Actor,2009
"Colin Firth",N,Actor,2009
"Morgan Freeman",N,Actor,2009
"Jeremy Renner",N,Actor,2009
"Sandra Bullock",Y,Actress,2009
"Helen Mirren",N,Actress,2009
"Carey Mulligan",N,Actress,2009
"Gabourey Sidibe",N,Actress,2009
"Meryl Streep",N,Actress,2009
"Christoph Waltz",Y,Supporting Actor,2009
"Matt Damon",N,Supporting Actor,2009
"Woody Harrelson",N,Supporting Actor,2009
"Christopher Plummer",N,Supporting Actor,2009
"Stanley Tucci",N,Supporting Actor,2009
"Mo'Nique",Y,Supporting Actress,2009
"Penélope Cruz",N,Supporting Actress,2009
"Vera Farmiga",N,Supporting Actress,2009
"Maggie Gyllenhaal",N,Supporting Actress,2009
"Anna Kendrick",N,Supporting Actress,2009
"Slumdog Millionaire",Y,Picture,2008
"Frost/Nixon",N,Picture,2008
"Milk",N,Picture,2008
"The Curious Case of Benjamin Button",N,Picture,2008
"The Reader",N,Picture,2008
"Sean Penn",Y,Actor,2008
"Richard Jenkins",N,Actor,2008
"Frank Langella",N,Actor,2008
"Brad Pitt",N,Actor,2008
"Mickey Rourke",N,Actor,2008
"Kate Winslet",Y,Actress,2008
"Anne Hathaway",N,Actress,2008
"Angelina Jolie",N,Actress,2008
"Melissa Leo",N,Actress,2008
"Meryl Streep",N,Actress,2008
"Heath Ledger",Y,Supporting Actor,2008
"Josh Brolin",N,Supporting Actor,2008
"Robert Downey Jr.",N,Supporting Actor,2008
"Philip Seymour Hoffman",N,Supporting Actor,2008
"Michael Shannon",N,Supporting Actor,2008
"Penélope Cruz",Y,Supporting Actress,2008
"Amy Adams",N,Supporting Actress,2008
"Viola Davis",N,Supporting Actress,2008
"Taraji P. Henson",N,Supporting Actress,2008
"Marisa Tomei",N,Supporting Actress,2008
"No Country for Old Men",Y,Picture,2007
"Atonement",N,Picture,2007
"Juno",N,Picture,2007
"Michael Clayton",N,Picture,2007
"There Will Be Blood",N,Picture,2007
"Daniel Day-Lewis",Y,Actor,2007
"George Clooney",N,Actor,2007
"Johnny Depp",N,Actor,2007
"Tommy Lee Jones",N,Actor,2007
"Viggo Mortensen",N,Actor,2007
"Marion Cotillard",Y,Actress,2007
"Cate Blanchett",N,Actress,2007
"Julie Christie",N,Actress,2007
"Laura Linney",N,Actress,2007
"Elliot Page",N,Actress,2007
"Javier Bardem",Y,Supporting Actor,2007
"Casey Affleck",N,Supporting Actor,2007
"Philip Seymour Hoffman",N,Supporting Actor,2007
"Hal Holbrook",N,Supporting Actor,2007
"Tom Wilkinson",N,Supporting Actor,2007
"Tilda Swinton",Y,Supporting Actress,2007
"Cate Blanchett",N,Supporting Actress,2007
"Ruby Dee",N,Supporting Actress,2007
"Saoirse Ronan",N,Supporting Actress,2007
"Amy Ryan",N,Supporting Actress,2007
"The Departed",Y,Picture,2006
"Babel",N,Picture,2006
"Letters from Iwo Jima",N,Picture,2006
"Little Miss Sunshine",N,Picture,2006
"The Queen",N,Picture,2006
"Forest Whitaker",Y,Actor,2006
"Leonardo DiCaprio",N,Actor,2006
"Ryan Gosling",N,Actor,2006
"Peter O'Toole",N,Actor,2006
"Will Smith",N,Actor,2006
"Helen Mirren",Y,Actress,2006
"Penélope Cruz",N,Actress,2006
"Judi Dench",N,Actress,2006
"Meryl Streep",N,Actress,2006
"Kate Winslet",N,Actress,2006
"Alan Arkin",Y,Supporting Actor,2006
"Jackie Earle Haley",N,Supporting Actor,2006
"Djimon Hounsou",N,Supporting Actor,2006
"Eddie Murphy",N,Supporting Actor,2006
"Mark Wahlberg",N,Supporting Actor,2006
"Jennifer Hudson",Y,Supporting Actress,2006
"Adriana Barraza",N,Supporting Actress,2006
"Cate Blanchett",N,Supporting Actress,2006
"Abigail Breslin",N,Supporting Actress,2006
"Rinko Kikuchi",N,Supporting Actress,2006
"Crash",Y,Picture,2005
"Brokeback Mountain",N,Picture,2005
"Capote",N,Picture,2005
"Good Night, and Good Luck",N,Picture,2005
"Munich",N,Picture,2005
"Philip Seymour Hoffman",Y,Actor,2005
"Terrence Howard",N,Actor,2005
"Heath Ledger",N,Actor,2005
"Joaquin Phoenix",N,Actor,2005
"David Strathairn",N,Actor,2005
"Reese Witherspoon",Y,Actress,2005
"Judi Dench",N,Actress,2005
"Felicity Huffman",N,Actress,2005
"Keira Knightley",N,Actress,2005
"Charlize Theron",N,Actress,2005
"George Clooney",Y,Supporting Actor,2005
"Matt Dillon",N,Supporting Actor,2005
"Paul Giamatti",N,Supporting Actor,2005
"Jake Gyllenhaal",N,Supporting Actor,2005
"William Hurt",N,Supporting Actor,2005
"Rachel Weisz",Y,Supporting Actress,2005
"Amy Adams",N,Supporting Actress,2005
"Catherine Keener",N,Supporting Actress,2005
"Frances McDormand",N,Supporting Actress,2005
"Michelle Williams",N,Supporting Actress,2005
"Million Dollar Baby",Y,Picture,2004
"Finding Neverland",N,Picture,2004
"Ray",N,Picture,2004
"Sideways",N,Picture,2004
"The Aviator",N,Picture,2004
"Jamie Foxx",Y,Actor,2004
"Don Cheadle",N,Actor,2004
"Johnny Depp",N,Actor,2004
"Leonardo DiCaprio",N,Actor,2004
"Clint Eastwood",N,Actor,2004
"Hilary Swank",Y,Actress,2004
"Annette Bening",N,Actress,2004
"Catalina Sandino Moreno",N,Actress,2004
"Imelda Staunton",N,Actress,2004
"Kate Winslet",N,Actress,2004
"Morgan Freeman",Y,Supporting Actor,2004
"Alan Alda",N,Supporting Actor,2004
"Thomas Haden Church",N,Supporting Actor,2004
"Jamie Foxx",N,Supporting Actor,2004
"Clive Owen",N,Supporting Actor,2004
"Cate Blanchett",Y,Supporting Actress,2004
"Laura Linney",N,Supporting Actress,2004
"Virginia Madsen",N,Supporting Actress,2004
"Sophie Okonedo",N,Supporting Actress,2004
"Natalie Portman",N,Supporting Actress,2004
"The Lord of the Rings: The Return of the King",Y,Picture,2003
"Lost in Translation",N,Picture,2003
"Master and Commander: The Far Side of the World",N,Picture,2003
"Mystic River",N,Picture,2003
"Seabiscuit",N,Picture,2003
"Sean Penn",Y,Actor,2003
"Johnny Depp",N,Actor,2003
"Ben Kingsley",N,Actor,2003
"Jude Law",N,Actor,2003
"Bill Murray",N,Actor,2003
"Charlize Theron",Y,Actress,2003
"Keisha Castle-Hughes",N,Actress,2003
"Diane Keaton",N,Actress,2003
"Samantha Morton",N,Actress,2003
"Naomi Watts",N,Actress,2003
"Tim Robbins",Y,Supporting Actor,2003
"Alec Baldwin",N,Supporting Actor,2003
"Benicio del Toro",N,Supporting Actor,2003
"Djimon Hounsou",N,Supporting Actor,2003
"Ken Watanabe",N,Supporting Actor,2003
"Renée Zellweger",Y,Supporting Actress,2003
"Shohreh Aghdashloo",N,Supporting Actress,2003
"Patricia Clarkson",N,Supporting Actress,2003
"Marcia Gay Harden",N,Supporting Actress,2003
"Holly Hunter",N,Supporting Actress,2003
"Chicago",Y,Picture,2002
"Gangs of New York",N,Picture,2002
"The Hours",N,Picture,2002
"The Lord of the Rings: The Two Towers",N,Picture,2002
"The Pianist",N,Picture,2002
"Adrien Brody",Y,Actor,2002
"Nicolas Cage",N,Actor,2002
"Michael Caine",N,Actor,2002
"Daniel Day-Lewis",N,Actor,2002
"Jack Nicholson",N,Actor,2002
"Nicole Kidman",Y,Actress,2002
"Salma Hayek",N,Actress,2002
"Diane Lane",N,Actress,2002
"Julianne Moore",N,Actress,2002
"Renée Zellweger",N,Actress,2002
"Chris Cooper",Y,Supporting Actor,2002
"Ed Harris",N,Supporting Actor,2002
"Paul Newman",N,Supporting Actor,2002
"John C. Reilly",N,Supporting Actor,2002
"Christopher Walken",N,Supporting Actor,2002
"Catherine Zeta-Jones",Y,Supporting Actress,2002
"Kathy Bates",N,Supporting Actress,2002
"Queen Latifah",N,Supporting Actress,2002
"Julianne Moore",N,Supporting Actress,2002
"Meryl Streep",N,Supporting Actress,2002
"A Beautiful Mind",Y,Picture,2001
"Gosford Park",N,Picture,2001
"In the Bedroom",N,Picture,2001
"Moulin Rouge!",N,Picture,2001
"The Lord of the Rings: The Fellowship of the Ring",N,Picture,2001
"Denzel Washington",Y,Actor,2001
"Russell Crowe",N,Actor,2001
"Sean Penn",N,Actor,2001
"Will Smith",N,Actor,2001
"Tom Wilkinson",N,Actor,2001
"Halle Berry",Y,Actress,2001
"Judi Dench",N,Actress,2001
"Nicole Kidman",N,Actress,2001
"Sissy Spacek",N,Actress,2001
"Renée Zellweger",N,Actress,2001
"Jim Broadbent",Y,Supporting Actor,2001
"Ethan Hawke",N,Supporting Actor,2001
"Ben Kingsley",N,Supporting Actor,2001
"Ian McKellen",N,Supporting Actor,2001
"Jon Voight",N,Supporting Actor,2001
"Jennifer Connelly",Y,Supporting Actress,2001
"Helen Mirren",N,Supporting Actress,2001
"Maggie Smith",N,Supporting Actress,2001
"Marisa Tomei",N,Supporting Actress,2001
"Kate Winslet",N,Supporting Actress,2001
"Gladiator",Y,Picture,2000
"Chocolat",N,Picture,2000
"Crouching Tiger, Hidden Dragon",N,Picture,2000
"Erin Brockovich",N,Picture,2000
"Traffic",N,Picture,2000
"Russell Crowe",Y,Actor,2000
"Javier Bardem",N,Actor,2000
"Tom Hanks",N,Actor,2000
"Ed Harris",N,Actor,2000
"Geoffrey Rush",N,Actor,2000
"Julia Roberts",Y,Actress,2000
"Joan Allen",N,Actress,2000
"Juliette Binoche",N,Actress,2000
"Ellen Burstyn",N,Actress,2000
"Laura Linney",N,Actress,2000
"Benicio del Toro",Y,Supporting Actor,2000
"Jeff Bridges",N,Supporting Actor,2000
"Willem Dafoe",N,Supporting Actor,2000
"Albert Finney",N,Supporting Actor,2000
"Joaquin Phoenix",N,Supporting Actor,2000
"Marcia Gay Harden",Y,Supporting Actress,2000
"Judi Dench",N,Supporting Actress,2000
"Kate Hudson",N,Supporting Actress,2000
"Frances McDormand",N,Supporting Actress,2000
"Julie Walters",N,Supporting Actress,2000
"American Beauty",Y,Picture,1999
"The Cider House Rules",N,Picture,1999
"The Green Mile",N,Picture,1999
"The Insider",N,Picture,1999
"The Sixth Sense",N,Picture,1999
"Kevin Spacey",Y,Actor,1999
"Russell Crowe",N,Actor,1999
"Richard Farnsworth",N,Actor,1999
"Sean Penn",N,Actor,1999
"Denzel Washington",N,Actor,1999
"Hilary Swank",Y,Actress,1999
"Annette Bening",N,Actress,1999
"Janet McTeer",N,Actress,1999
"Julianne Moore",N,Actress,1999
"Meryl Streep",N,Actress,1999
"Michael Caine",Y,Supporting Actor,1999
"Tom Cruise",N,Supporting Actor,1999
"Michael Clarke Duncan",N,Supporting Actor,1999
"Jude Law",N,Supporting Actor,1999
"Haley Joel Osment",N,Supporting Actor,1999
"Angelina Jolie",Y,Supporting Actress,1999
"Toni Collette",N,Supporting Actress,1999
"Catherine Keener",N,Supporting Actress,1999
"Samantha Morton",N,Supporting Actress,1999
"Chloë Sevigny",N,Supporting Actress,1999
"Shakespeare in Love",Y,Picture,1998
"Elizabeth",N,Picture,1998
"Life Is Beautiful",N,Picture,1998
"Saving Private Ryan",N,Picture,1998
"The Thin Red Line",N,Picture,1998
"Roberto Benigni",Y,Actor,1998
"Tom Hanks",N,Actor,1998
"Ian McKellen",N,Actor,1998
"Nick Nolte",N,Actor,1998
"Edward Norton",N,Actor,1998
"Gwyneth Paltrow",Y,Actress,1998
"Cate Blanchett",N,Actress,1998
"Fernanda Montenegro",N,Actress,1998
"Meryl Streep",N,Actress,1998
"Emily Watson",N,Actress,1998
"James Coburn",Y,Supporting Actor,1998
"Robert Duvall",N,Supporting Actor,1998
"Ed Harris",N,Supporting Actor,1998
"Geoffrey Rush",N,Supporting Actor,1998
"Billy Bob Thornton",N,Supporting Actor,1998
"Judi Dench",Y,Supporting Actress,1998
"Kathy Bates",N,Supporting Actress,1998
"Brenda Blethyn",N,Supporting Actress,1998
"Rachel Griffiths",N,Supporting Actress,1998
"Lynn Redgrave",N,Supporting Actress,1998
"Titanic",Y,Picture,1997
"As Good as It Gets",N,Picture,1997
"Good Will Hunting",N,Picture,1997
"L.A. Confidential",N,Picture,1997
"The Full Monty",N,Picture,1997
"Jack Nicholson",Y,Actor,1997
"Matt Damon",N,Actor,1997
"Robert Duvall",N,Actor,1997
"Peter Fonda",N,Actor,1997
"Dustin Hoffman",N,Actor,1997
"Helen Hunt",Y,Actress,1997
"Helena Bonham Carter",N,Actress,1997
"Julie Christie",N,Actress,1997
"Judi Dench",N,Actress,1997
"Kate Winslet",N,Actress,1997
"Robin Williams",Y,Supporting Actor,1997
"Robert Forster",N,Supporting Actor,1997
"Anthony Hopkins",N,Supporting Actor,1997
"Greg Kinnear",N,Supporting Actor,1997
"Burt Reynolds",N,Supporting Actor,1997
"Kim Basinger",Y,Supporting Actress,1997
"Joan Cusack",N,Supporting Actress,1997
"Minnie Driver",N,Supporting Actress,1997
"Julianne Moore",N,Supporting Actress,1997
"Gloria Stuart",N,Supporting Actress,1997
"The English Patient",Y,Picture,1996
"Fargo",N,Picture,1996
"Jerry Maguire",N,Picture,1996
"Secrets & Lies",N,Picture,1996
"Shine",N,Picture,1996
"Geoffrey Rush",Y,Actor,1996
"Tom Cruise",N,Actor,1996
"Ralph Fiennes",N,Actor,1996
"Woody Harrelson",N,Actor,1996
"Billy Bob Thornton",N,Actor,1996
"Frances McDormand",Y,Actress,1996
"Brenda Blethyn",N,Actress,1996
"Diane Keaton",N,Actress,1996
"Kristin Scott Thomas",N,Actress,1996
"Emily Watson",N,Actress,1996
"Cuba Gooding Jr.",Y,Supporting Actor,1996
"William H. Macy",N,Supporting Actor,1996
"Armin Mueller-Stahl",N,Supporting Actor,1996
"Edward Norton",N,Supporting Actor,1996
"James Woods",N,Supporting Actor,1996
"Juliette Binoche",Y,Supporting Actress,1996
"Joan Allen",N,Supporting Actress,1996
"Lauren Bacall",N,Supporting Actress,1996
"Barbara Hershey",N,Supporting Actress,1996
"Marianne Jean-Baptiste",N,Supporting Actress,1996
"Braveheart",Y,Picture,1995
"Apollo 13",N,Picture,1995
"Babe",N,Picture,1995
"Sense and Sensibility",N,Picture,1995
"The Postman (Il Postino)",N,Picture,1995
"Nicolas Cage",Y,Actor,1995
"Richard Dreyfuss",N,Actor,1995
"Anthony Hopkins",N,Actor,1995
"Sean Penn",N,Actor,1995
"Massimo Troisi",N,Actor,1995
"Susan Sarandon",Y,Actress,1995
"Elisabeth Shue",N,Actress,1995
"Sharon Stone",N,Actress,1995
"Meryl Streep",N,Actress,1995
"Emma Thompson",N,Actress,1995
"Kevin Spacey",Y,Supporting Actor,1995
"James Cromwell",N,Supporting Actor,1995
"Ed Harris",N,Supporting Actor,1995
"Brad Pitt",N,Supporting Actor,1995
"Tim Roth",N,Supporting Actor,1995
"Mira Sorvino",Y,Supporting Actress,1995
"Joan Allen",N,Supporting Actress,1995
"Kathleen Quinlan",N,Supporting Actress,1995
"Mare Winningham",N,Supporting Actress,1995
"Kate Winslet",N,Supporting Actress,1995
"Forrest Gump",Y,Picture,1994
"Four Weddings and a Funeral",N,Picture,1994
"Pulp Fiction",N,Picture,1994
"Quiz Show",N,Picture,1994
"The Shawshank Redemption",N,Picture,1994
"Tom Hanks",Y,Actor,1994
"Morgan Freeman",N,Actor,1994
"Nigel Hawthorne",N,Actor,1994
"Paul Newman",N,Actor,1994
"John Travolta",N,Actor,1994
"Jessica Lange",Y,Actress,1994
"Jodie Foster",N,Actress,1994
"Miranda Richardson",N,Actress,1994
"Winona Ryder",N,Actress,1994
"Susan Sarandon",N,Actress,1994
"Martin Landau",Y,Supporting Actor,1994
"Samuel L. Jackson",N,Supporting Actor,1994
"Chazz Palminteri",N,Supporting Actor,1994
"Paul Scofield",N,Supporting Actor,1994
"Gary Sinise",N,Supporting Actor,1994
"Dianne Wiest",Y,Supporting Actress,1994
"Rosemary Harris",N,Supporting Actress,1994
"Helen Mirren",N,Supporting Actress,1994
"Uma Thurman",N,Supporting Actress,1994
"Jennifer Tilly",N,Supporting Actress,1994
"Schindler's List",Y,Picture,1993
"In the Name of the Father",N,Picture,1993
"The Fugitive",N,Picture,1993
"The Piano",N,Picture,1993
"The Remains of the Day",N,Picture,1993
"Tom Hanks",Y,Actor,1993
"Daniel Day-Lewis",N,Actor,1993
"Laurence Fishburne",N,Actor,1993
"Anthony Hopkins",N,Actor,1993
"Liam Neeson",N,Actor,1993
"Holly Hunter",Y,Actress,1993
"Angela Bassett",N,Actress,1993
"Stockard Channing",N,Actress,1993
"Emma Thompson",N,Actress,1993
"Debra Winger",N,Actress,1993
"Tommy Lee Jones",Y,Supporting Actor,1993
"Leonardo DiCaprio",N,Supporting Actor,1993
"Ralph Fiennes",N,Supporting Actor,1993
"John Malkovich",N,Supporting Actor,1993
"Pete Postlethwaite",N,Supporting Actor,1993
"Anna Paquin",Y,Supporting Actress,1993
"Holly Hunter",N,Supporting Actress,1993
"Rosie Perez",N,Supporting Actress,1993
"Winona Ryder",N,Supporting Actress,1993
"Emma Thompson",N,Supporting Actress,1993
"Unforgiven",Y,Picture,1992
"A Few Good Men",N,Picture,1992
"Howards End",N,Picture,1992
"Scent of a Woman",N,Picture,1992
"The Crying Game",N,Picture,1992
"Al Pacino",Y,Actor,1992
"Robert Downey Jr.",N,Actor,1992
"Clint Eastwood",N,Actor,1992
"Stephen Rea",N,Actor,1992
"Denzel Washington",N,Actor,1992
"Emma Thompson",Y,Actress,1992
"Catherine Deneuve",N,Actress,1992
"Mary McDonnell",N,Actress,1992
"Michelle Pfeiffer",N,Actress,1992
"Susan Sarandon",N,Actress,1992
"Gene Hackman",Y,Supporting Actor,1992
"Jaye Davidson",N,Supporting Actor,1992
"Jack Nicholson",N,Supporting Actor,1992
"Al Pacino",N,Supporting Actor,1992
"David Paymer",N,Supporting Actor,1992
"Marisa Tomei",Y,Supporting Actress,1992
"Judy Davis",N,Supporting Actress,1992
"Joan Plowright",N,Supporting Actress,1992
"Vanessa Redgrave",N,Supporting Actress,1992
"Miranda Richardson",N,Supporting Actress,1992
"The Silence of the Lambs",Y,Picture,1991
"Beauty and the Beast",N,Picture,1991
"Bugsy",N,Picture,1991
"JFK",N,Picture,1991
"The Prince of Tides",N,Picture,1991
"Anthony Hopkins",Y,Actor,1991
"Warren Beatty",N,Actor,1991
"Robert De Niro",N,Actor,1991
"Nick Nolte",N,Actor,1991
"Robin Williams",N,Actor,1991
"Jodie Foster",Y,Actress,1991
"Geena Davis",N,Actress,1991
"Laura Dern",N,Actress,1991
"Bette Midler",N,Actress,1991
"Susan Sarandon",N,Actress,1991
"Jack Palance",Y,Supporting Actor,1991
"Tommy Lee Jones",N,Supporting Actor,1991
"Harvey Keitel",N,Supporting Actor,1991
"Ben Kingsley",N,Supporting Actor,1991
"Michael Lerner",N,Supporting Actor,1991
"Mercedes Ruehl",Y,Supporting Actress,1991
"Diane Ladd",N,Supporting Actress,1991
"Juliette Lewis",N,Supporting Actress,1991
"Kate Nelligan",N,Supporting Actress,1991
"Jessica Tandy",N,Supporting Actress,1991
"Dances with Wolves",Y,Picture,1990
"Awakenings",N,Picture,1990
"Ghost",N,Picture,1990
"Goodfellas",N,Picture,1990
"The Godfather Part III",N,Picture,1990
"Jeremy Irons",Y,Actor,1990
"Kevin Costner",N,Actor,1990
"Robert De Niro",N,Actor,1990
"Gérard Depardieu",N,Actor,1990
"Richard Harris",N,Actor,1990
"Kathy Bates",Y,Actress,1990
"Anjelica Huston",N,Actress,1990
"Julia Roberts",N,Actress,1990
"Meryl Streep",N,Actress,1990
"Joanne Woodward",N,Actress,1990
"Joe Pesci",Y,Supporting Actor,1990
"Bruce Davison",N,Supporting Actor,1990
"Andy García",N,Supporting Actor,1990
"Graham Greene",N,Supporting Actor,1990
"Al Pacino",N,Supporting Actor,1990
"Whoopi Goldberg",Y,Supporting Actress,1990
"Annette Bening",N,Supporting Actress,1990
"Lorraine Bracco",N,Supporting Actress,1990
"Diane Ladd",N,Supporting Actress,1990
"Mary McDonnell",N,Supporting Actress,1990
"Driving Miss Daisy",Y,Picture,1989
"Born on the Fourth of July",N,Picture,1989
"Dead Poets Society",N,Picture,1989
"Field of Dreams",N,Picture,1989
"My Left Foot",N,Picture,1989
"Daniel Day-Lewis",Y,Actor,1989
"Kenneth Branagh",N,Actor,1989
"Tom Cruise",N,Actor,1989
"Morgan Freeman",N,Actor,1989
"Robin Williams",N,Actor,1989
"Jessica Tandy",Y,Actress,1989
"Isabelle Adjani",N,Actress,1989
"Pauline Collins",N,Actress,1989
"Jessica Lange",N,Actress,1989
"Michelle Pfeiffer",N,Actress,1989
"Denzel Washington",Y,Supporting Actor,1989
"Danny Aiello",N,Supporting Actor,1989
"Dan Aykroyd",N,Supporting Actor,1989
"Marlon Brando",N,Supporting Actor,1989
"Martin Landau",N,Supporting Actor,1989
"Brenda Fricker",Y,Supporting Actress,1989
"Anjelica Huston",N,Supporting Actress,1989
"Lena Olin",N,Supporting Actress,1989
"Julia Roberts",N,Supporting Actress,1989
"Dianne Wiest",N,Supporting Actress,1989
"Rain Man",Y,Picture,1988
"Dangerous Liaisons",N,Picture,1988
"Mississippi Burning",N,Picture,1988
"The Accidental Tourist",N,Picture,1988
"Working Girl",N,Picture,1988
"Dustin Hoffman",Y,Actor,1988
"Gene Hackman",N,Actor,1988
"Tom Hanks",N,Actor,1988
"Edward James Olmos",N,Actor,1988
"Max von Sydow",N,Actor,1988
"Jodie Foster",Y,Actress,1988
"Glenn Close",N,Actress,1988
"Melanie Griffith",N,Actress,1988
"Meryl Streep",N,Actress,1988
"Sigourney Weaver",N,Actress,1988
"Kevin Kline",Y,Supporting Actor,1988
"Alec Guinness",N,Supporting Actor,1988
"Martin Landau",N,Supporting Actor,1988
"River Phoenix",N,Supporting Actor,1988
"Dean Stockwell",N,Supporting Actor,1988
"Geena Davis",Y,Supporting Actress,1988
"Joan Cusack",N,Supporting Actress,1988
"Frances McDormand",N,Supporting Actress,1988
"Michelle Pfeiffer",N,Supporting Actress,1988
"Sigourney Weaver",N,Supporting Actress,1988
"The Last Emperor",Y,Picture,1987
"Broadcast News",N,Picture,1987
"Fatal Attraction",N,Picture,1987
"Hope and Glory",N,Picture,1987
"Moonstruck",N,Picture,1987
"Michael Douglas",Y,Actor,1987
"William Hurt",N,Actor,1987
"Marcello Mastroianni",N,Actor,1987
"Jack Nicholson",N,Actor,1987
"Robin Williams",N,Actor,1987
"Cher",Y,Actress,1987
"Glenn Close",N,Actress,1987
"Holly Hunter",N,Actress,1987
"Sally Kirkland",N,Actress,1987
"Meryl Streep",N,Actress,1987
"Sean Connery",Y,Supporting Actor,1987
"Albert Brooks",N,Supporting Actor,1987
"Morgan Freeman",N,Supporting Actor,1987
"Vincent Gardenia",N,Supporting Actor,1987
"Denzel Washington",N,Supporting Actor,1987
"Olympia Dukakis",Y,Supporting Actress,1987
"Norma Aleandro",N,Supporting Actress,1987
"Anne Archer",N,Supporting Actress,1987
"Anne Ramsey",N,Supporting Actress,1987
"Ann Sothern",N,Supporting Actress,1987
"Platoon",Y,Picture,1986
"A Room with a View",N,Picture,1986
"Children of a Lesser God",N,Picture,1986
"Hannah and Her Sisters",N,Picture,1986
"The Mission",N,Picture,1986
"Paul Newman",Y,Actor,1986
"Dexter Gordon",N,Actor,1986
"Bob Hoskins",N,Actor,1986
"William Hurt",N,Actor,1986
"James Woods",N,Actor,1986
"Marlee Matlin",Y,Actress,1986
"Jane Fonda",N,Actress,1986
"Sissy Spacek",N,Actress,1986
"Kathleen Turner",N,Actress,1986
"Sigourney Weaver",N,Actress,1986
"Michael Caine",Y,Supporting Actor,1986
"Tom Berenger",N,Supporting Actor,1986
"Willem Dafoe",N,Supporting Actor,1986
"Denholm Elliott",N,Supporting Actor,1986
"Dennis Hopper",N,Supporting Actor,1986
"Dianne Wiest",Y,Supporting Actress,1986
"Tess Harper",N,Supporting Actress,1986
"Piper Laurie",N,Supporting Actress,1986
"Mary Elizabeth Mastrantonio",N,Supporting Actress,1986
"Maggie Smith",N,Supporting Actress,1986
"Out of Africa",Y,Picture,1985
"Kiss of the Spider Woman",N,Picture,1985
"Prizzi's Honor",N,Picture,1985
"The Color Purple",N,Picture,1985
"Witness",N,Picture,1985
"William Hurt",Y,Actor,1985
"Harrison Ford",N,Actor,1985
"James Garner",N,Actor,1985
"Jack Nicholson",N,Actor,1985
"Jon Voight",N,Actor,1985
"Geraldine Page",Y,Actress,1985
"Anne Bancroft",N,Actress,1985
"Whoopi Goldberg",N,Actress,1985
"Jessica Lange",N,Actress,1985
"Meryl Streep",N,Actress,1985
"Don Ameche",Y,Supporting Actor,1985
"Klaus Maria Brandauer",N,Supporting Actor,1985
"William Hickey",N,Supporting Actor,1985
"Robert Loggia",N,Supporting Actor,1985
"Eric Roberts",N,Supporting Actor,1985
"Anjelica Huston",Y,Supporting Actress,1985
"Margaret Avery",N,Supporting Actress,1985
"Amy Madigan",N,Supporting Actress,1985
"Meg Tilly",N,Supporting Actress,1985
"Oprah Winfrey",N,Supporting Actress,1985
"Amadeus",Y,Picture,1984
"A Passage to India",N,Picture,1984
"A Soldier's Story",N,Picture,1984
"Places in the Heart",N,Picture,1984
"The Killing Fields",N,Picture,1984
"F. Murray Abraham",Y,Actor,1984
"Jeff Bridges",N,Actor,1984
"Albert Finney",N,Actor,1984
"Tom Hulce",N,Actor,1984
"Sam Waterston",N,Actor,1984
"Sally Field",Y,Actress,1984
"Judy Davis",N,Actress,1984
"Jessica Lange",N,Actress,1984
"Vanessa Redgrave",N,Actress,1984
"Sissy Spacek",N,Actress,1984
"Haing S. Ngor",Y,Supporting Actor,1984
"Adolph Caesar",N,Supporting Actor,1984
"John Malkovich",N,Supporting Actor,1984
"Pat Morita",N,Supporting Actor,1984
"Ralph Richardson",N,Supporting Actor,1984
"Peggy Ashcroft",Y,Supporting Actress,1984
"Glenn Close",N,Supporting Actress,1984
"Lindsay Crouse",N,Supporting Actress,1984
"Christine Lahti",N,Supporting Actress,1984
"Geraldine Page",N,Supporting Actress,1984
"Terms of Endearment",Y,Picture,1983
"Tender Mercies",N,Picture,1983
"The Big Chill",N,Picture,1983
"The Dresser",N,Picture,1983
"The Right Stuff",N,Picture,1983
"Robert Duvall",Y,Actor,1983
"Michael Caine",N,Actor,1983
"Tom Conti",N,Actor,1983
"Tom Courtenay",N,Actor,1983
"Albert Finney",N,Actor,1983
"Shirley MacLaine",Y,Actress,1983
"Jane Alexander",N,Actress,1983
"Meryl Streep",N,Actress,1983
"Julie Walters",N,Actress,1983
"Debra Winger",N,Actress,1983
"Jack Nicholson",Y,Supporting Actor,1983
"Charles Durning",N,Supporting Actor,1983
"John Lithgow",N,Supporting Actor,1983
"Sam Shepard",N,Supporting Actor,1983
"Rip Torn",N,Supporting Actor,1983
"Linda Hunt",Y,Supporting Actress,1983
"Cher",N,Supporting Actress,1983
"Glenn Close",N,Supporting Actress,1983
"Amy Irving",N,Supporting Actress,1983
"Alfre Woodard",N,Supporting Actress,1983
"Gandhi",Y,Picture,1982
"E.T. the Extra-Terrestrial",N,Picture,1982
"Missing",N,Picture,1982
"The Verdict",N,Picture,1982
"Tootsie",N,Picture,1982
"Ben Kingsley",Y,Actor,1982
"Dustin Hoffman",N,Actor,1982
"Jack Lemmon",N,Actor,1982
"Paul Newman",N,Actor,1982
"Peter O'Toole",N,Actor,1982
"Meryl Streep",Y,Actress,1982
"Julie Andrews",N,Actress,1982
"Jessica Lange",N,Actress,1982
"Sissy Spacek",N,Actress,1982
"Debra Winger",N,Actress,1982
"Louis Gossett Jr.",Y,Supporting Actor,1982
"Charles Durning",N,Supporting Actor,1982
"John Lithgow",N,Supporting Actor,1982
"James Mason",N,Supporting Actor,1982
"Robert Preston",N,Supporting Actor,1982
"Jessica Lange",Y,Supporting Actress,1982
"Glenn Close",N,Supporting Actress,1982
"Teri Garr",N,Supporting Actress,1982
"Kim Stanley",N,Supporting Actress,1982
"Lesley Ann Warren",N,Supporting Actress,1982
"Chariots of Fire",Y,Picture,1981
"Atlantic City",N,Picture,1981
"On Golden Pond",N,Picture,1981
"Raiders of the Lost Ark",N,Picture,1981
"Reds",N,Picture,1981
"Henry Fonda",Y,Actor,1981
"Warren Beatty",N,Actor,1981
"Burt Lancaster",N,Actor,1981
"Dudley Moore",N,Actor,1981
"Paul Newman",N,Actor,1981
"Katharine Hepburn",Y,Actress,1981
"Diane Keaton",N,Actress,1981
"Marsha Mason",N,Actress,1981
"Susan Sarandon",N,Actress,1981
"Meryl Streep",N,Actress,1981
"John Gielgud",Y,Supporting Actor,1981
"James Coco",N,Supporting Actor,1981
"Ian Holm",N,Supporting Actor,1981
"Jack Nicholson",N,Supporting Actor,1981
"Howard Rollins",N,Supporting Actor,1981
"Maureen Stapleton",Y,Supporting Actress,1981
"Melinda Dillon",N,Supporting Actress,1981
"Jane Fonda",N,Supporting Actress,1981
"Joan Hackett",N,Supporting Actress,1981
"Elizabeth McGovern",N,Supporting Actress,1981
"Ordinary People",Y,Picture,1980
"Coal Miner's Daughter",N,Picture,1980
"Raging Bull",N,Picture,1980
"Tess",N,Picture,1980
"The Elephant Man",N,Picture,1980
"Robert De Niro",Y,Actor,1980
"Robert Duvall",N,Actor,1980
"John Hurt",N,Actor,1980
"Jack Lemmon",N,Actor,1980
"Peter O'Toole",N,Actor,1980
"Sissy Spacek",Y,Actress,1980
"Ellen Burstyn",N,Actress,1980
"Goldie Hawn",N,Actress,1980
"Mary Tyler Moore",N,Actress,1980
"Gena Rowlands",N,Actress,1980
"Timothy Hutton",Y,Supporting Actor,1980
"Judd Hirsch",N,Supporting Actor,1980
"Michael O'Keefe",N,Supporting Actor,1980
"Joe Pesci",N,Supporting Actor,1980
"Jason Robards",N,Supporting Actor,1980
"Mary Steenburgen",Y,Supporting Actress,1980
"Eileen Brennan",N,Supporting Actress,1980
"Eva Le Gallienne",N,Supporting Actress,1980
"Cathy Moriarty",N,Supporting Actress,1980
"Diana Scarwid",N,Supporting Actress,1980
"Kramer vs. Kramer",Y,Picture,1979
"All That Jazz",N,Picture,1979
"Apocalypse Now",N,Picture,1979
"Breaking Away",N,Picture,1979
"Norma Rae",N,Picture,1979
"Dustin Hoffman",Y,Actor,1979
"Jack Lemmon",N,Actor,1979
"Al Pacino",N,Actor,1979
"Roy Scheider",N,Actor,1979
"Peter Sellers",N,Actor,1979
"Sally Field",Y,Actress,1979
"Jill Clayburgh",N,Actress,1979
"Jane Fonda",N,Actress,1979
"Marsha Mason",N,Actress,1979
"Bette Midler",N,Actress,1979
"Melvyn Douglas",Y,Supporting Actor,1979
"Robert Duvall",N,Supporting Actor,1979
"Frederic Forrest",N,Supporting Actor,1979
"Justin Henry",N,Supporting Actor,1979
"Mickey Rooney",N,Supporting Actor,1979
"Meryl Streep",Y,Supporting Actress,1979
"Jane Alexander",N,Supporting Actress,1979
"Barbara Barrie",N,Supporting Actress,1979
"Candice Bergen",N,Supporting Actress,1979
"Mariel Hemingway",N,Supporting Actress,1979
"The Deer Hunter",Y,Picture,1978
"An Unmarried Woman",N,Picture,1978
"Coming Home",N,Picture,1978
"Heaven Can Wait",N,Picture,1978
"Midnight Express",N,Picture,1978
"Jon Voight",Y,Actor,1978
"Warren Beatty",N,Actor,1978
"Gary Busey",N,Actor,1978
"Robert De Niro",N,Actor,1978
"Laurence Olivier",N,Actor,1978
"Jane Fonda",Y,Actress,1978
"Ingrid Bergman",N,Actress,1978
"Ellen Burstyn",N,Actress,1978
"Jill Clayburgh",N,Actress,1978
"Geraldine Page",N,Actress,1978
"Christopher Walken",Y,Supporting Actor,1978
"Bruce Dern",N,Supporting Actor,1978
"Richard Farnsworth",N,Supporting Actor,1978
"John Hurt",N,Supporting Actor,1978
"Jack Warden",N,Supporting Actor,1978
"Maggie Smith",Y,Supporting Actress,1978
"Dyan Cannon",N,Supporting Actress,1978
"Penelope Milford",N,Supporting Actress,1978
"Maureen Stapleton",N,Supporting Actress,1978
"Meryl Streep",N,Supporting Actress,1978
"Annie Hall",Y,Picture,1977
"Julia",N,Picture,1977
"Star Wars",N,Picture,1977
"The Goodbye Girl",N,Picture,1977
"The Turning Point",N,Picture,1977
"Richard Dreyfuss",Y,Actor,1977
"Woody Allen",N,Actor,1977
"Richard Burton",N,Actor,1977
"Marcello Mastroianni",N,Actor,1977
"John Travolta",N,Actor,1977
"Diane Keaton",Y,Actress,1977
"Anne Bancroft",N,Actress,1977
"Jane Fonda",N,Actress,1977
"Shirley MacLaine",N,Actress,1977
"Marsha Mason",N,Actress,1977
"Jason Robards",Y,Supporting Actor,1977
"Mikhail Baryshnikov",N,Supporting Actor,1977
"Peter Firth",N,Supporting Actor,1977
"Alec Guinness",N,Supporting Actor,1977
"Maximilian Schell",N,Supporting Actor,1977
"Vanessa Redgrave",Y,Supporting Actress,1977
"Leslie Browne",N,Supporting Actress,1977
"Quinn Cummings",N,Supporting Actress,1977
"Melinda Dillon",N,Supporting Actress,1977
"Tuesday Weld",N,Supporting Actress,1977
"Rocky",Y,Picture,1976
"All the President's Men",N,Picture,1976
"Bound for Glory",N,Picture,1976
"Network",N,Picture,1976
"Taxi Driver",N,Picture,1976
"Peter Finch",Y,Actor,1976
"Robert De Niro",N,Actor,1976
"Giancarlo Giannini",N,Actor,1976
"William Holden",N,Actor,1976
"Sylvester Stallone",N,Actor,1976
"Faye Dunaway",Y,Actress,1976
"Marie-Christine Barrault",N,Actress,1976
"Talia Shire",N,Actress,1976
"Sissy Spacek",N,Actress,1976
"Liv Ullmann",N,Actress,1976
"Jason Robards",Y,Supporting Actor,1976
"Ned Beatty",N,Supporting Actor,1976
"Burgess Meredith",N,Supporting Actor,1976
"Laurence Olivier",N,Supporting Actor,1976
"Burt Young",N,Supporting Actor,1976
"Beatrice Straight",Y,Supporting Actress,1976
"Jane Alexander",N,Supporting Actress,1976
"Jodie Foster",N,Supporting Actress,1976
"Lee Grant",N,Supporting Actress,1976
"Piper Laurie",N,Supporting Actress,1976
"One Flew Over the Cuckoo's Nest",Y,Picture,1975
"Barry Lyndon",N,Picture,1975
"Dog Day Afternoon",N,Picture,1975
"Jaws",N,Picture,1975
"Nashville",N,Picture,1975
"Jack Nicholson",Y,Actor,1975
"Walter Matthau",N,Actor,1975
"Al Pacino",N,Actor,1975
"Maximilian Schell",N,Actor,1975
"James Whitmore",N,Actor,1975
"Louise Fletcher",Y,Actress,1975
"Isabelle Adjani",N,Actress,1975
"Glenda Jackson",N,Actress,1975
"Carol Kane",N,Actress,1975
"Ann-Margret",N,Actress,1975
"George Burns",Y,Supporting Actor,1975
"Brad Dourif",N,Supporting Actor,1975
"Burgess Meredith",N,Supporting Actor,1975
"Chris Sarandon",N,Supporting Actor,1975
"Jack Warden",N,Supporting Actor,1975
"Lee Grant",Y,Supporting Actress,1975
"Ronee Blakley",N,Supporting Actress,1975
"Sylvia Miles",N,Supporting Actress,1975
"Lily Tomlin",N,Supporting Actress,1975
"Brenda Vaccaro",N,Supporting Actress,1975
"The Godfather Part II",Y,Picture,1974
"Chinatown",N,Picture,1974
"Lenny",N,Picture,1974
"The Conversation",N,Picture,1974
"The Towering Inferno",N,Picture,1974
"Art Carney",Y,Actor,1974
"Albert Finney",N,Actor,1974
"Dustin Hoffman",N,Actor,1974
"Jack Nicholson",N,Actor,1974
"Al Pacino",N,Actor,1974
"Ellen Burstyn",Y,Actress,1974
"Diahann Carroll",N,Actress,1974
"Faye Dunaway",N,Actress,1974
"Valerie Perrine",N,Actress,1974
"Gena Rowlands",N,Actress,1974
"Robert De Niro",Y,Supporting Actor,1974
"Fred Astaire",N,Supporting Actor,1974
"Jeff Bridges",N,Supporting Actor,1974
"Michael V. Gazzo",N,Supporting Actor,1974
"Lee Strasberg",N,Supporting Actor,1974
"Ingrid Bergman",Y,Supporting Actress,1974
"Valentina Cortese",N,Supporting Actress,1974
"Madeline Kahn",N,Supporting Actress,1974
"Diane Ladd",N,Supporting Actress,1974
"Talia Shire",N,Supporting Actress,1974
"The Sting",Y,Picture,1973
"A Touch of Class",N,Picture,1973
"American Graffiti",N,Picture,1973
"Cries and Whispers",N,Picture,1973
"The Exorcist",N,Picture,1973
"Jack Lemmon",Y,Actor,1973
"Marlon Brando",N,Actor,1973
"Jack Nicholson",N,Actor,1973
"Al Pacino",N,Actor,1973
"Robert Redford",N,Actor,1973
"Glenda Jackson",Y,Actress,1973
"Ellen Burstyn",N,Actress,1973
"Marsha Mason",N,Actress,1973
"Barbra Streisand",N,Actress,1973
"Joanne Woodward",N,Actress,1973
"John Houseman",Y,Supporting Actor,1973
"Vincent Gardenia",N,Supporting Actor,1973
"Jack Gilford",N,Supporting Actor,1973
"Jason Miller",N,Supporting Actor,1973
"Randy Quaid",N,Supporting Actor,1973
"Tatum O'Neal",Y,Supporting Actress,1973
"Linda Blair",N,Supporting Actress,1973
"Candy Clark",N,Supporting Actress,1973
"Madeline Kahn",N,Supporting Actress,1973
"Sylvia Sidney",N,Supporting Actress,1973
"The Godfather",Y,Picture,1972
"Cabaret",N,Picture,1972
"Deliverance",N,Picture,1972
"Sounder",N,Picture,1972
"The Emigrants",N,Picture,1972
"Marlon Brando",Y,Actor,1972
"Michael Caine",N,Actor,1972
"Laurence Olivier",N,Actor,1972
"Peter O'Toole",N,Actor,1972
"Paul Winfield",N,Actor,1972
"Liza Minnelli",Y,Actress,1972
"Diana Ross",N,Actress,1972
"Maggie Smith",N,Actress,1972
"Cicely Tyson",N,Actress,1972
"Liv Ullmann",N,Actress,1972
"Joel Grey",Y,Supporting Actor,1972
"Eddie Albert",N,Supporting Actor,1972
"James Caan",N,Supporting Actor,1972
"Robert Duvall",N,Supporting Actor,1972
"Al Pacino",N,Supporting Actor,1972
"Eileen Heckart",Y,Supporting Actress,1972
"Jeannie Berlin",N,Supporting Actress,1972
"Geraldine Page",N,Supporting Actress,1972
"Susan Tyrrell",N,Supporting Actress,1972
"Shelley Winters",N,Supporting Actress,1972
"The French Connection",Y,Picture,1971
"A Clockwork Orange",N,Picture,1971
"Fiddler on the Roof",N,Picture,1971
"Nicholas and Alexandra",N,Picture,1971
"The Last Picture Show",N,Picture,1971
"Gene Hackman",Y,Actor,1971
"Peter Finch",N,Actor,1971
"Walter Matthau",N,Actor,1971
"George C. Scott",N,Actor,1971
"Topol",N,Actor,1971
"Jane Fonda",Y,Actress,1971
"Julie Christie",N,Actress,1971
"Glenda Jackson",N,Actress,1971
"Vanessa Redgrave",N,Actress,1971
"Janet Suzman",N,Actress,1971
"Ben Johnson",Y,Supporting Actor,1971
"Jeff Bridges",N,Supporting Actor,1971
"Leonard Frey",N,Supporting Actor,1971
"Richard Jaeckel",N,Supporting Actor,1971
"Roy Scheider",N,Supporting Actor,1971
"Cloris Leachman",Y,Supporting Actress,1971
"Ellen Burstyn",N,Supporting Actress,1971
"Barbara Harris",N,Supporting Actress,1971
"Margaret Leighton",N,Supporting Actress,1971
"Ann-Margret",N,Supporting Actress,1971
"Patton",Y,Picture,1970
"Airport",N,Picture,1970
"Five Easy Pieces",N,Picture,1970
"Love Story",N,Picture,1970
"MASH",N,Picture,1970
"George C. Scott",Y,Actor,1970
"Melvyn Douglas",N,Actor,1970
"James Earl Jones",N,Actor,1970
"Jack Nicholson",N,Actor,1970
"Ryan O'Neal",N,Actor,1970
"Glenda Jackson",Y,Actress,1970
"Jane Alexander",N,Actress,1970
"Ali MacGraw",N,Actress,1970
"Sarah Miles",N,Actress,1970
"Carrie Snodgress",N,Actress,1970
"John Mills",Y,Supporting Actor,1970
"Richard S. Castellano",N,Supporting Actor,1970
"Chief Dan George",N,Supporting Actor,1970
"Gene Hackman",N,Supporting Actor,1970
"John Marley",N,Supporting Actor,1970
"Helen Hayes",Y,Supporting Actress,1970
"Karen Black",N,Supporting Actress,1970
"Lee Grant",N,Supporting Actress,1970
"Sally Kellerman",N,Supporting Actress,1970
"Maureen Stapleton",N,Supporting Actress,1970
"Midnight Cowboy",Y,Picture,1969
"Anne of the Thousand Days",N,Picture,1969
"Butch Cassidy and the Sundance Kid",N,Picture,1969
"Hello, Dolly!",N,Picture,1969
"Z",N,Picture,1969
"John Wayne",Y,Actor,1969
"Richard Burton",N,Actor,1969
"Dustin Hoffman",N,Actor,1969
"Peter O'Toole",N,Actor,1969
"Jon Voight",N,Actor,1969
"Maggie Smith",Y,Actress,1969
"Geneviève Bujold",N,Actress,1969
"Jane Fonda",N,Actress,1969
"Liza Minnelli",N,Actress,1969
"Jean Simmons",N,Actress,1969
"Gig Young",Y,Supporting Actor,1969
"Rupert Crosse",N,Supporting Actor,1969
"Elliott Gould",N,Supporting Actor,1969
"Jack Nicholson",N,Supporting Actor,1969
"Anthony Quayle",N,Supporting Actor,1969
"Goldie Hawn",Y,Supporting Actress,1969
"Catherine Burns",N,Supporting Actress,1969
"Dyan Cannon",N,Supporting Actress,1969
"Sylvia Miles",N,Supporting Actress,1969
"Susannah York",N,Supporting Actress,1969
"Oliver!",Y,Picture,1968
"Funny Girl",N,Picture,1968
"Rachel, Rachel",N,Picture,1968
"Romeo and Juliet",N,Picture,1968
"The Lion in Winter",N,Picture,1968
"Cliff Robertson",Y,Actor,1968
"Alan Arkin",N,Actor,1968
"Alan Bates",N,Actor,1968
"Ron Moody",N,Actor,1968
"Peter O'Toole",N,Actor,1968
"Barbra Streisand",Y,Actress,1968
"Katharine Hepburn",N,Actress,1968
"Patricia Neal",N,Actress,1968
"Vanessa Redgrave",N,Actress,1968
"Joanne Woodward",N,Actress,1968
"Jack Albertson",Y,Supporting Actor,1968
"Seymour Cassel",N,Supporting Actor,1968
"Daniel Massey",N,Supporting Actor,1968
"Jack Wild",N,Supporting Actor,1968
"Gene Wilder",N,Supporting Actor,1968
"Ruth Gordon",Y,Supporting Actress,1968
"Lynn Carlin",N,Supporting Actress,1968
"Sondra Locke",N,Supporting Actress,1968
"Kay Medford",N,Supporting Actress,1968
"Estelle Parsons",N,Supporting Actress,1968
"In the Heat of the Night",Y,Picture,1967
"Bonnie and Clyde",N,Picture,1967
"Doctor Dolittle",N,Picture,1967
"Guess Who's Coming to Dinner",N,Picture,1967
"The Graduate",N,Picture,1967
"Rod Steiger",Y,Actor,1967
"Warren Beatty",N,Actor,1967
"Dustin Hoffman",N,Actor,1967
"Paul Newman",N,Actor,1967
"Spencer Tracy",N,Actor,1967
"Katharine Hepburn",Y,Actress,1967
"Anne Bancroft",N,Actress,1967
"Faye Dunaway",N,Actress,1967
"Edith Evans",N,Actress,1967
"Audrey Hepburn",N,Actress,1967
"George Kennedy",Y,Supporting Actor,1967
"John Cassavetes",N,Supporting Actor,1967
"Gene Hackman",N,Supporting Actor,1967
"Cecil Kellaway",N,Supporting Actor,1967
"Michael J. Pollard",N,Supporting Actor,1967
"Estelle Parsons",Y,Supporting Actress,1967
"Carol Channing",N,Supporting Actress,1967
"Mildred Natwick",N,Supporting Actress,1967
"Beah Richards",N,Supporting Actress,1967
"Katharine Ross",N,Supporting Actress,1967
"A Man for All Seasons",Y,Picture,1966
"Alfie",N,Picture,1966
"The Russians Are Coming, the Russians Are Coming",N,Picture,1966
"The Sand Pebbles",N,Picture,1966
"Who's Afraid of Virginia Woolf?",N,Picture,1966
"Paul Scofield",Y,Actor,1966
"Alan Arkin",N,Actor,1966
"Richard Burton",N,Actor,1966
"Michael Caine",N,Actor,1966
"Steve McQueen",N,Actor,1966
"Elizabeth Taylor",Y,Actress,1966
"Anouk Aimée",N,Actress,1966
"Ida Kamińska",N,Actress,1966
"Lynn Redgrave",N,Actress,1966
"Vanessa Redgrave",N,Actress,1966
"Walter Matthau",Y,Supporting Actor,1966
"Mako",N,Supporting Actor,1966
"James Mason",N,Supporting Actor,1966
"George Segal",N,Supporting Actor,1966
"Robert Shaw",N,Supporting Actor,1966
"Sandy Dennis",Y,Supporting Actress,1966
"Wendy Hiller",N,Supporting Actress,1966
"Jocelyne LaGarde",N,Supporting Actress,1966
"Vivien Merchant",N,Supporting Actress,1966
"Geraldine Page",N,Supporting Actress,1966
"The Sound of Music",Y,Picture,1965
"A Thousand Clowns",N,Picture,1965
"Darling",N,Picture,1965
"Doctor Zhivago",N,Picture,1965
"Ship of Fools",N,Picture,1965
"Lee Marvin",Y,Actor,1965
"Richard Burton",N,Actor,1965
"Laurence Olivier",N,Actor,1965
"Rod Steiger",N,Actor,1965
"Oskar Werner",N,Actor,1965
"Julie Christie",Y,Actress,1965
"Julie Andrews",N,Actress,1965
"Samantha Eggar",N,Actress,1965
"Elizabeth Hartman",N,Actress,1965
"Simone Signoret",N,Actress,1965
"Martin Balsam",Y,Supporting Actor,1965
"Ian Bannen",N,Supporting Actor,1965
"Tom Courtenay",N,Supporting Actor,1965
"Michael Dunn",N,Supporting Actor,1965
"Frank Finlay",N,Supporting Actor,1965
"Shelley Winters",Y,Supporting Actress,1965
"Ruth Gordon",N,Supporting Actress,1965
"Joyce Redman",N,Supporting Actress,1965
"Maggie Smith",N,Supporting Actress,1965
"Peggy Wood",N,Supporting Actress,1965
"My Fair Lady",Y,Picture,1964
"Becket",N,Picture,1964
"Dr. Strangelove or: How I Learned to Stop Worrying and Love the Bomb",N,Picture,1964
"Mary Poppins",N,Picture,1964
"Zorba the Greek",N,Picture,1964
"Rex Harrison",Y,Actor,1964
"Richard Burton",N,Actor,1964
"Peter O'Toole",N,Actor,1964
"Anthony Quinn",N,Actor,1964
"Peter Sellers",N,Actor,1964
"Julie Andrews",Y,Actress,1964
"Anne Bancroft",N,Actress,1964
"Sophia Loren",N,Actress,1964
"Debbie Reynolds",N,Actress,1964
"Kim Stanley",N,Actress,1964
"Peter Ustinov",Y,Supporting Actor,1964
"John Gielgud",N,Supporting Actor,1964
"Stanley Holloway",N,Supporting Actor,1964
"Edmond O'Brien",N,Supporting Actor,1964
"Lee Tracy",N,Supporting Actor,1964
"Lila Kedrova",Y,Supporting Actress,1964
"Gladys Cooper",N,Supporting Actress,1964
"Edith Evans",N,Supporting Actress,1964
"Grayson Hall",N,Supporting Actress,1964
"Agnes Moorehead",N,Supporting Actress,1964
"Tom Jones",Y,Picture,1963
"America, America",N,Picture,1963
"Cleopatra",N,Picture,1963
"How the West Was Won",N,Picture,1963
"Lilies of the Field",N,Picture,1963
"Sidney Poitier",Y,Actor,1963
"Albert Finney",N,Actor,1963
"Richard Harris",N,Actor,1963
"Rex Harrison",N,Actor,1963
"Paul Newman",N,Actor,1963
"Patricia Neal",Y,Actress,1963
"Leslie Caron",N,Actress,1963
"Shirley MacLaine",N,Actress,1963
"Rachel Roberts",N,Actress,1963
"Natalie Wood",N,Actress,1963
"Melvyn Douglas",Y,Supporting Actor,1963
"Nick Adams",N,Supporting Actor,1963
"Bobby Darin",N,Supporting Actor,1963
"Hugh Griffith",N,Supporting Actor,1963
"John Huston",N,Supporting Actor,1963
"Margaret Rutherford",Y,Supporting Actress,1963
"Diane Cilento",N,Supporting Actress,1963
"Edith Evans",N,Supporting Actress,1963
"Joyce Redman",N,Supporting Actress,1963
"Lilia Skala",N,Supporting Actress,1963
"Lawrence of Arabia",Y,Picture,1962
"Mutiny on the Bounty",N,Picture,1962
"The Longest Day",N,Picture,1962
"The Music Man",N,Picture,1962
"To Kill a Mockingbird",N,Picture,1962
"Gregory Peck",Y,Actor,1962
"Burt Lancaster",N,Actor,1962
"Jack Lemmon",N,Actor,1962
"Marcello Mastroianni",N,Actor,1962
"Peter O'Toole",N,Actor,1962
"Anne Bancroft",Y,Actress,1962
"Bette Davis",N,Actress,1962
"Katharine Hepburn",N,Actress,1962
"Geraldine Page",N,Actress,1962
"Lee Remick",N,Actress,1962
"Ed Begley",Y,Supporting Actor,1962
"Victor Buono",N,Supporting Actor,1962
"Telly Savalas",N,Supporting Actor,1962
"Omar Sharif",N,Supporting Actor,1962
"Terence Stamp",N,Supporting Actor,1962
"Patty Duke",Y,Supporting Actress,1962
"Mary Badham",N,Supporting Actress,1962
"Shirley Knight",N,Supporting Actress,1962
"Angela Lansbury",N,Supporting Actress,1962
"Thelma Ritter",N,Supporting Actress,1962
"West Side Story",Y,Picture,1961
"Fanny",N,Picture,1961
"Judgment at Nuremberg",N,Picture,1961
"The Guns of Navarone",N,Picture,1961
"The Hustler",N,Picture,1961
"Maximilian Schell",Y,Actor,1961
"Charles Boyer",N,Actor,1961
"Paul Newman",N,Actor,1961
"Spencer Tracy",N,Actor,1961
"Stuart Whitman",N,Actor,1961
"Sophia Loren",Y,Actress,1961
"Audrey Hepburn",N,Actress,1961
"Piper Laurie",N,Actress,1961
"Geraldine Page",N,Actress,1961
"Natalie Wood",N,Actress,1961
"George Chakiris",Y,Supporting Actor,1961
"Montgomery Clift",N,Supporting Actor,1961
"Peter Falk",N,Supporting Actor,1961
"Jackie Gleason",N,Supporting Actor,1961
"George C. Scott",N,Supporting Actor,1961
"Rita Moreno",Y,Supporting Actress,1961
"Fay Bainter",N,Supporting Actress,1961
"Judy Garland",N,Supporting Actress,1961
"Lotte Lenya",N,Supporting Actress,1961
"Una Merkel",N,Supporting Actress,1961
"The Apartment",Y,Picture,1960
"Elmer Gantry",N,Picture,1960
"Sons and Lovers",N,Picture,1960
"The Alamo",N,Picture,1960
"The Sundowners",N,Picture,1960
"Burt Lancaster",Y,Actor,1960
"Trevor Howard",N,Actor,1960
"Jack Lemmon",N,Actor,1960
"Laurence Olivier",N,Actor,1960
"Spencer Tracy",N,Actor,1960
"Elizabeth Taylor",Y,Actress,1960
"Greer Garson",N,Actress,1960
"Deborah Kerr",N,Actress,1960
"Shirley MacLaine",N,Actress,1960
"Melina Mercouri",N,Actress,1960
"Peter Ustinov",Y,Supporting Actor,1960
"Peter Falk",N,Supporting Actor,1960
"Jack Kruschen",N,Supporting Actor,1960
"Sal Mineo",N,Supporting Actor,1960
"Chill Wills",N,Supporting Actor,1960
"Shirley Jones",Y,Supporting Actress,1960
"Glynis Johns",N,Supporting Actress,1960
"Shirley Knight",N,Supporting Actress,1960
"Janet Leigh",N,Supporting Actress,1960
"Mary Ure",N,Supporting Actress,1960
"Ben-Hur",Y,Picture,1959
"Anatomy of a Murder",N,Picture,1959
"Room at the Top",N,Picture,1959
"The Diary of Anne Frank",N,Picture,1959
"The Nun's Story",N,Picture,1959
"Charlton Heston",Y,Actor,1959
"Laurence Harvey",N,Actor,1959
"Jack Lemmon",N,Actor,1959
"Paul Muni",N,Actor,1959
"James Stewart",N,Actor,1959
"Simone Signoret",Y,Actress,1959
"Doris Day",N,Actress,1959
"Audrey Hepburn",N,Actress,1959
"Katharine Hepburn",N,Actress,1959
"Elizabeth Taylor",N,Actress,1959
"Hugh Griffith",Y,Supporting Actor,1959
"Arthur O'Connell",N,Supporting Actor,1959
"George C. Scott",N,Supporting Actor,1959
"Robert Vaughn",N,Supporting Actor,1959
"Ed Wynn",N,Supporting Actor,1959
"Shelley Winters",Y,Supporting Actress,1959
"Hermione Baddeley",N,Supporting Actress,1959
"Susan Kohner",N,Supporting Actress,1959
"Juanita Moore",N,Supporting Actress,1959
"Thelma Ritter",N,Supporting Actress,1959
"Gigi",Y,Picture,1958
"Auntie Mame",N,Picture,1958
"Cat on a Hot Tin Roof",N,Picture,1958
"Separate Tables",N,Picture,1958
"The Defiant Ones",N,Picture,1958
"David Niven",Y,Actor,1958
"Tony Curtis",N,Actor,1958
"Paul Newman",N,Actor,1958
"Sidney Poitier",N,Actor,1958
"Spencer Tracy",N,Actor,1958
"Susan Hayward",Y,Actress,1958
"Deborah Kerr",N,Actress,1958
"Shirley MacLaine",N,Actress,1958
"Rosalind Russell",N,Actress,1958
"Elizabeth Taylor",N,Actress,1958
"Burl Ives",Y,Supporting Actor,1958
"Theodore Bikel",N,Supporting Actor,1958
"Lee J. Cobb",N,Supporting Actor,1958
"Arthur Kennedy",N,Supporting Actor,1958
"Gig Young",N,Supporting Actor,1958
"Wendy Hiller",Y,Supporting Actress,1958
"Peggy Cass",N,Supporting Actress,1958
"Martha Hyer",N,Supporting Actress,1958
"Maureen Stapleton",N,Supporting Actress,1958
"Cara Williams",N,Supporting Actress,1958
"The Bridge on the River Kwai",Y,Picture,1957
"12 Angry Men",N,Picture,1957
"Peyton Place",N,Picture,1957
"Sayonara",N,Picture,1957
"Witness for the Prosecution",N,Picture,1957
"Alec Guinness",Y,Actor,1957
"Marlon Brando",N,Actor,1957
"Anthony Franciosa",N,Actor,1957
"Charles Laughton",N,Actor,1957
"Anthony Quinn",N,Actor,1957
"Joanne Woodward",Y,Actress,1957
"Deborah Kerr",N,Actress,1957
"Anna Magnani",N,Actress,1957
"Elizabeth Taylor",N,Actress,1957
"Lana Turner",N,Actress,1957
"Red Buttons",Y,Supporting Actor,1957
"Vittorio De Sica",N,Supporting Actor,1957
"Sessue Hayakawa",N,Supporting Actor,1957
"Arthur Kennedy",N,Supporting Actor,1957
"Russ Tamblyn",N,Supporting Actor,1957
"Miyoshi Umeki",Y,Supporting Actress,1957
"Carolyn Jones",N,Supporting Actress,1957
"Elsa Lanchester",N,Supporting Actress,1957
"Hope Lange",N,Supporting Actress,1957
"Diane Varsi",N,Supporting Actress,1957
"Around the World in 80 Days",Y,Picture,1956
"Friendly Persuasion",N,Picture,1956
"Giant",N,Picture,1956
"The King and I",N,Picture,1956
"The Ten Commandments",N,Picture,1956
"Yul Brynner",Y,Actor,1956
"James Dean",N,Actor,1956
"Kirk Douglas",N,Actor,1956
"Rock Hudson",N,Actor,1956
"Laurence Olivier",N,Actor,1956
"Ingrid Bergman",Y,Actress,1956
"Carroll Baker",N,Actress,1956
"Katharine Hepburn",N,Actress,1956
"Nancy Kelly",N,Actress,1956
"Deborah Kerr",N,Actress,1956
"Anthony Quinn",Y,Supporting Actor,1956
"Don Murray",N,Supporting Actor,1956
"Anthony Perkins",N,Supporting Actor,1956
"Mickey Rooney",N,Supporting Actor,1956
"Robert Stack",N,Supporting Actor,1956
"Dorothy Malone",Y,Supporting Actress,1956
"Mildred Dunnock",N,Supporting Actress,1956
"Eileen Heckart",N,Supporting Actress,1956
"Mercedes McCambridge",N,Supporting Actress,1956
"Patty McCormack",N,Supporting Actress,1956
"Marty",Y,Picture,1955
"Love Is a Many-Splendored Thing",N,Picture,1955
"Mister Roberts",N,Picture,1955
"Picnic",N,Picture,1955
"The Rose Tattoo",N,Picture,1955
"Ernest Borgnine",Y,Actor,1955
"James Cagney",N,Actor,1955
"James Dean",N,Actor,1955
"Frank Sinatra",N,Actor,1955
"Spencer Tracy",N,Actor,1955
"Anna Magnani",Y,Actress,1955
"Susan Hayward",N,Actress,1955
"Katharine Hepburn",N,Actress,1955
"Jennifer Jones",N,Actress,1955
"Eleanor Parker",N,Actress,1955
"Jack Lemmon",Y,Supporting Actor,1955
"Arthur Kennedy",N,Supporting Actor,1955
"Joe Mantell",N,Supporting Actor,1955
"Sal Mineo",N,Supporting Actor,1955
"Arthur O'Connell",N,Supporting Actor,1955
"Jo Van Fleet",Y,Supporting Actress,1955
"Betsy Blair",N,Supporting Actress,1955
"Peggy Lee",N,Supporting Actress,1955
"Marisa Pavan",N,Supporting Actress,1955
"Natalie Wood",N,Supporting Actress,1955
"On the Waterfront",Y,Picture,1954
"Seven Brides for Seven Brothers",N,Picture,1954
"The Caine Mutiny",N,Picture,1954
"The Country Girl",N,Picture,1954
"Three Coins in the Fountain",N,Picture,1954
"Marlon Brando",Y,Actor,1954
"Humphrey Bogart",N,Actor,1954
"Bing Crosby",N,Actor,1954
"James Mason",N,Actor,1954
"Dan O'Herlihy",N,Actor,1954
"Grace Kelly",Y,Actress,1954
"Dorothy Dandridge",N,Actress,1954
"Judy Garland",N,Actress,1954
"Audrey Hepburn",N,Actress,1954
"Jane Wyman",N,Actress,1954
"Edmond O'Brien",Y,Supporting Actor,1954
"Lee J. Cobb",N,Supporting Actor,1954
"Karl Malden",N,Supporting Actor,1954
"Rod Steiger",N,Supporting Actor,1954
"Tom Tully",N,Supporting Actor,1954
"Eva Marie Saint",Y,Supporting Actress,1954
"Nina Foch",N,Supporting Actress,1954
"Katy Jurado",N,Supporting Actress,1954
"Jan Sterling",N,Supporting Actress,1954
"Claire Trevor",N,Supporting Actress,1954
"From Here to Eternity",Y,Picture,1953
"Julius Caesar",N,Picture,1953
"Roman Holiday",N,Picture,1953
"Shane",N,Picture,1953
"The Robe",N,Picture,1953
"William Holden",Y,Actor,1953
"Marlon Brando",N,Actor,1953
"Richard Burton",N,Actor,1953
"Montgomery Clift",N,Actor,1953
"Burt Lancaster",N,Actor,1953
"Audrey Hepburn",Y,Actress,1953
"Leslie Caron",N,Actress,1953
"Ava Gardner",N,Actress,1953
"Deborah Kerr",N,Actress,1953
"Maggie McNamara",N,Actress,1953
"Frank Sinatra",Y,Supporting Actor,1953
"Eddie Albert",N,Supporting Actor,1953
"Brandon deWilde",N,Supporting Actor,1953
"Jack Palance",N,Supporting Actor,1953
"Robert Strauss",N,Supporting Actor,1953
"Donna Reed",Y,Supporting Actress,1953
"Grace Kelly",N,Supporting Actress,1953
"Geraldine Page",N,Supporting Actress,1953
"Marjorie Rambeau",N,Supporting Actress,1953
"Thelma Ritter",N,Supporting Actress,1953
"The Greatest Show on Earth",Y,Picture,1952
"High Noon",N,Picture,1952
"Ivanhoe",N,Picture,1952
"Moulin Rouge",N,Picture,1952
"The Quiet Man",N,Picture,1952
"Gary Cooper",Y,Actor,1952
"Marlon Brando",N,Actor,1952
"Kirk Douglas",N,Actor,1952
"José Ferrer",N,Actor,1952
"Alec Guinness",N,Actor,1952
"Shirley Booth",Y,Actress,1952
"Joan Crawford",N,Actress,1952
"Bette Davis",N,Actress,1952
"Julie Harris",N,Actress,1952
"Susan Hayward",N,Actress,1952
"Anthony Quinn",Y,Supporting Actor,1952
"Richard Burton",N,Supporting Actor,1952
"Arthur Hunnicutt",N,Supporting Actor,1952
"Victor McLaglen",N,Supporting Actor,1952
"Jack Palance",N,Supporting Actor,1952
"Gloria Grahame",Y,Supporting Actress,1952
"Jean Hagen",N,Supporting Actress,1952
"Colette Marchand",N,Supporting Actress,1952
"Terry Moore",N,Supporting Actress,1952
"Thelma Ritter",N,Supporting Actress,1952
"An American in Paris",Y,Picture,1951
"A Place in the Sun",N,Picture,1951
"A Streetcar Named Desire",N,Picture,1951
"Decision Before Dawn",N,Picture,1951
"Quo Vadis",N,Picture,1951
"Humphrey Bogart",Y,Actor,1951
"Marlon Brando",N,Actor,1951
"Montgomery Clift",N,Actor,1951
"Arthur Kennedy",N,Actor,1951
"Fredric March",N,Actor,1951
"Vivien Leigh",Y,Actress,1951
"Katharine Hepburn",N,Actress,1951
"Eleanor Parker",N,Actress,1951
"Shelley Winters",N,Actress,1951
"Jane Wyman",N,Actress,1951
"Karl Malden",Y,Supporting Actor,1951
"Leo Genn",N,Supporting Actor,1951
"Kevin McCarthy",N,Supporting Actor,1951
"Peter Ustinov",N,Supporting Actor,1951
"Gig Young",N,Supporting Actor,1951
"Kim Hunter",Y,Supporting Actress,1951
"Joan Blondell",N,Supporting Actress,1951
"Mildred Dunnock",N,Supporting Actress,1951
"Lee Grant",N,Supporting Actress,1951
"Thelma Ritter",N,Supporting Actress,1951
"All About Eve",Y,Picture,1950
"Born Yesterday",N,Picture,1950
"Father of the Bride",N,Picture,1950
"King Solomon's Mines",N,Picture,1950
"Sunset Boulevard",N,Picture,1950
"José Ferrer",Y,Actor,1950
"Louis Calhern",N,Actor,1950
"William Holden",N,Actor,1950
"James Stewart",N,Actor,1950
"Spencer Tracy",N,Actor,1950
"Judy Holliday",Y,Actress,1950
"Anne Baxter",N,Actress,1950
"Bette Davis",N,Actress,1950
"Eleanor Parker",N,Actress,1950
"Gloria Swanson",N,Actress,1950
"George Sanders",Y,Supporting Actor,1950
"Jeff Chandler",N,Supporting Actor,1950
"Edmund Gwenn",N,Supporting Actor,1950
"Sam Jaffe",N,Supporting Actor,1950
"Erich von Stroheim",N,Supporting Actor,1950
"Josephine Hull",Y,Supporting Actress,1950
"Hope Emerson",N,Supporting Actress,1950
"Celeste Holm",N,Supporting Actress,1950
"Nancy Olson",N,Supporting Actress,1950
"Thelma Ritter",N,Supporting Actress,1950
"All the King's Men",Y,Picture,1949
"A Letter to Three Wives",N,Picture,1949
"Battleground",N,Picture,1949
"The Heiress",N,Picture,1949
"Twelve O'Clock High",N,Picture,1949
"Broderick Crawford",Y,Actor,1949
"Kirk Douglas",N,Actor,1949
"Gregory Peck",N,Actor,1949
"Richard Todd",N,Actor,1949
"John Wayne",N,Actor,1949
"Olivia de Havilland",Y,Actress,1949
"Jeanne Crain",N,Actress,1949
"Susan Hayward",N,Actress,1949
"Deborah Kerr",N,Actress,1949
"Loretta Young",N,Actress,1949
"Dean Jagger",Y,Supporting Actor,1949
"John Ireland",N,Supporting Actor,1949
"Arthur Kennedy",N,Supporting Actor,1949
"Ralph Richardson",N,Supporting Actor,1949
"James Whitmore",N,Supporting Actor,1949
"Mercedes McCambridge",Y,Supporting Actress,1949
"Ethel Barrymore",N,Supporting Actress,1949
"Celeste Holm",N,Supporting Actress,1949
"Elsa Lanchester",N,Supporting Actress,1949
"Ethel Waters",N,Supporting Actress,1949
"Hamlet",Y,Picture,1948
"Johnny Belinda",N,Picture,1948
"The Red Shoes",N,Picture,1948
"The Snake Pit",N,Picture,1948
"The Treasure of the Sierra Madre",N,Picture,1948
"Laurence Olivier",Y,Actor,1948
"Lew Ayres",N,Actor,1948
"Montgomery Clift",N,Actor,1948
"Dan Dailey",N,Actor,1948
"Clifton Webb",N,Actor,1948
"Jane Wyman",Y,Actress,1948
"Ingrid Bergman",N,Actress,1948
"Olivia de Havilland",N,Actress,1948
"Irene Dunne",N,Actress,1948
"Barbara Stanwyck",N,Actress,1948
"Walter Huston",Y,Supporting Actor,1948
"Charles Bickford",N,Supporting Actor,1948
"José Ferrer",N,Supporting Actor,1948
"Oskar Homolka",N,Supporting Actor,1948
"Cecil Kellaway",N,Supporting Actor,1948
"Claire Trevor",Y,Supporting Actress,1948
"Ellen Corby",N,Supporting Actress,1948
"Barbara Bel Geddes",N,Supporting Actress,1948
"Agnes Moorehead",N,Supporting Actress,1948
"Jean Simmons",N,Supporting Actress,1948
"Gentleman's Agreement",Y,Picture,1947
"Crossfire",N,Picture,1947
"Great Expectations",N,Picture,1947
"Miracle on 34th Street",N,Picture,1947
"The Bishop's Wife",N,Picture,1947
"Ronald Colman",Y,Actor,1947
"John Garfield",N,Actor,1947
"Gregory Peck",N,Actor,1947
"William Powell",N,Actor,1947
"Michael Redgrave",N,Actor,1947
"Loretta Young",Y,Actress,1947
"Joan Crawford",N,Actress,1947
"Susan Hayward",N,Actress,1947
"Dorothy McGuire",N,Actress,1947
"Rosalind Russell",N,Actress,1947
"Edmund Gwenn",Y,Supporting Actor,1947
"Charles Bickford",N,Supporting Actor,1947
"Thomas Gomez",N,Supporting Actor,1947
"Robert Ryan",N,Supporting Actor,1947
"Richard Widmark",N,Supporting Actor,1947
"Celeste Holm",Y,Supporting Actress,1947
"Ethel Barrymore",N,Supporting Actress,1947
"Gloria Grahame",N,Supporting Actress,1947
"Marjorie Main",N,Supporting Actress,1947
"Anne Revere",N,Supporting Actress,1947
"The Best Years of Our Lives",Y,Picture,1946
"Henry V",N,Picture,1946
"It's a Wonderful Life",N,Picture,1946
"The Razor's Edge",N,Picture,1946
"The Yearling",N,Picture,1946
"Fredric March",Y,Actor,1946
"Laurence Olivier",N,Actor,1946
"Larry Parks",N,Actor,1946
"Gregory Peck",N,Actor,1946
"James Stewart",N,Actor,1946
"Olivia de Havilland",Y,Actress,1946
"Celia Johnson",N,Actress,1946
"Jennifer Jones",N,Actress,1946
"Rosalind Russell",N,Actress,1946
"Jane Wyman",N,Actress,1946
"Harold Russell",Y,Supporting Actor,1946
"Charles Coburn",N,Supporting Actor,1946
"William Demarest",N,Supporting Actor,1946
"Claude Rains",N,Supporting Actor,1946
"Clifton Webb",N,Supporting Actor,1946
"Anne Baxter",Y,Supporting Actress,1946
"Ethel Barrymore",N,Supporting Actress,1946
"Lillian Gish",N,Supporting Actress,1946
"Flora Robson",N,Supporting Actress,1946
"Gale Sondergaard",N,Supporting Actress,1946
"The Lost Weekend",Y,Picture,1945
"Anchors Aweigh",N,Picture,1945
"Mildred Pierce",N,Picture,1945
"Spellbound",N,Picture,1945
"The Bells of St. Mary's",N,Picture,1945
"Ray Milland",Y,Actor,1945
"Bing Crosby",N,Actor,1945
"Gene Kelly",N,Actor,1945
"Gregory Peck",N,Actor,1945
"Cornel Wilde",N,Actor,1945
"Joan Crawford",Y,Actress,1945
"Ingrid Bergman",N,Actress,1945
"Greer Garson",N,Actress,1945
"Jennifer Jones",N,Actress,1945
"Gene Tierney",N,Actress,1945
"James Dunn",Y,Supporting Actor,1945
"Michael Chekhov",N,Supporting Actor,1945
"John Dall",N,Supporting Actor,1945
"Robert Mitchum",N,Supporting Actor,1945
"J. Carrol Naish",N,Supporting Actor,1945
"Anne Revere",Y,Supporting Actress,1945
"Eve Arden",N,Supporting Actress,1945
"Ann Blyth",N,Supporting Actress,1945
"Angela Lansbury",N,Supporting Actress,1945
"Joan Lorring",N,Supporting Actress,1945
"Going My Way",Y,Picture,1944
"Double Indemnity",N,Picture,1944
"Gaslight",N,Picture,1944
"Since You Went Away",N,Picture,1944
"Wilson",N,Picture,1944
"Bing Crosby",Y,Actor,1944
"Charles Boyer",N,Actor,1944
"Barry Fitzgerald",N,Actor,1944
"Cary Grant",N,Actor,1944
"Alexander Knox",N,Actor,1944
"Ingrid Bergman",Y,Actress,1944
"Claudette Colbert",N,Actress,1944
"Bette Davis",N,Actress,1944
"Greer Garson",N,Actress,1944
"Barbara Stanwyck",N,Actress,1944
"Barry Fitzgerald",Y,Supporting Actor,1944
"Hume Cronyn",N,Supporting Actor,1944
"Claude Rains",N,Supporting Actor,1944
"Clifton Webb",N,Supporting Actor,1944
"Monty Woolley",N,Supporting Actor,1944
"Ethel Barrymore",Y,Supporting Actress,1944
"Jennifer Jones",N,Supporting Actress,1944
"Angela Lansbury",N,Supporting Actress,1944
"Aline MacMahon",N,Supporting Actress,1944
"Agnes Moorehead",N,Supporting Actress,1944
"Casablanca",Y,Picture,1943
"For Whom the Bell Tolls",N,Picture,1943
"Heaven Can Wait",N,Picture,1943
"In Which We Serve",N,Picture,1943
"Madame Curie",N,Picture,1943
"The Human Comedy",N,Picture,1943
"The More the Merrier",N,Picture,1943
"The Ox-Bow Incident",N,Picture,1943
"The Song of Bernadette",N,Picture,1943
"Watch on the Rhine",N,Picture,1943
"Paul Lukas",Y,Actor,1943
"Humphrey Bogart",N,Actor,1943
"Gary Cooper",N,Actor,1943
"Walter Pidgeon",N,Actor,1943
"Mickey Rooney",N,Actor,1943
"Jennifer Jones",Y,Actress,1943
"Jean Arthur",N,Actress,1943
"Ingrid Bergman",N,Actress,1943
"Joan Fontaine",N,Actress,1943
"Greer Garson",N,Actress,1943
"Charles Coburn",Y,Supporting Actor,1943
"Charles Bickford",N,Supporting Actor,1943
"J. Carrol Naish",N,Supporting Actor,1943
"Claude Rains",N,Supporting Actor,1943
"Akim Tamiroff",N,Supporting Actor,1943
"Katina Paxinou",Y,Supporting Actress,1943
"Gladys Cooper",N,Supporting Actress,1943
"Paulette Goddard",N,Supporting Actress,1943
"Anne Revere",N,Supporting Actress,1943
"Lucile Watson",N,Supporting Actress,1943
"Mrs. Miniver",Y,Picture,1942
"49th Parallel",N,Picture,1942
"Kings Row",N,Picture,1942
"Random Harvest",N,Picture,1942
"The Magnificent Ambersons",N,Picture,1942
"The Pied Piper",N,Picture,1942
"The Pride of the Yankees",N,Picture,1942
"The Talk of the Town",N,Picture,1942
"Wake Island",N,Picture,1942
"Yankee Doodle Dandy",N,Picture,1942
"James Cagney",Y,Actor,1942
"Ronald Colman",N,Actor,1942
"Gary Cooper",N,Actor,1942
"Walter Pidgeon",N,Actor,1942
"Monty Woolley",N,Actor,1942
"Greer Garson",Y,Actress,1942
"Bette Davis",N,Actress,1942
"Katharine Hepburn",N,Actress,1942
"Rosalind Russell",N,Actress,1942
"Teresa Wright",N,Actress,1942
"Van Heflin",Y,Supporting Actor,1942
"William Bendix",N,Supporting Actor,1942
"Walter Huston",N,Supporting Actor,1942
"Frank Morgan",N,Supporting Actor,1942
"Henry Travers",N,Supporting Actor,1942
"Teresa Wright",Y,Supporting Actress,1942
"Gladys Cooper",N,Supporting Actress,1942
"Agnes Moorehead",N,Supporting Actress,1942
"Susan Peters",N,Supporting Actress,1942
"May Whitty",N,Supporting Actress,1942
"How Green Was My Valley",Y,Picture,1941
"Blossoms in the Dust",N,Picture,1941
"Citizen Kane",N,Picture,1941
"Here Comes Mr. Jordan",N,Picture,1941
"Hold Back the Dawn",N,Picture,1941
"One Foot in Heaven",N,Picture,1941
"Sergeant York",N,Picture,1941
"Suspicion",N,Picture,1941
"The Little Foxes",N,Picture,1941
"The Maltese Falcon",N,Picture,1941
"Gary Cooper",Y,Actor,1941
"Cary Grant",N,Actor,1941
"Walter Huston",N,Actor,1941
"Robert Montgomery",N,Actor,1941
"Orson Welles",N,Actor,1941
"Joan Fontaine",Y,Actress,1941
"Bette Davis",N,Actress,1941
"Olivia de Havilland",N,Actress,1941
"Greer Garson",N,Actress,1941
"Barbara Stanwyck",N,Actress,1941
"Donald Crisp",Y,Supporting Actor,1941
"Walter Brennan",N,Supporting Actor,1941
"Charles Coburn",N,Supporting Actor,1941
"James Gleason",N,Supporting Actor,1941
"Sydney Greenstreet",N,Supporting Actor,1941
"Mary Astor",Y,Supporting Actress,1941
"Sara Allgood",N,Supporting Actress,1941
"Patricia Collinge",N,Supporting Actress,1941
"Teresa Wright",N,Supporting Actress,1941
"Margaret Wycherly",N,Supporting Actress,1941
"Rebecca",Y,Picture,1940
"All This, and Heaven Too",N,Picture,1940
"Foreign Correspondent",N,Picture,1940
"Kitty Foyle",N,Picture,1940
"Our Town",N,Picture,1940
"The Grapes of Wrath",N,Picture,1940
"The Great Dictator",N,Picture,1940
"The Letter",N,Picture,1940
"The Long Voyage Home",N,Picture,1940
"The Philadelphia Story",N,Picture,1940
"James Stewart",Y,Actor,1940
"Charlie Chaplin",N,Actor,1940
"Henry Fonda",N,Actor,1940
"Raymond Massey",N,Actor,1940
"Laurence Olivier",N,Actor,1940
"Ginger Rogers",Y,Actress,1940
"Bette Davis",N,Actress,1940
"Joan Fontaine",N,Actress,1940
"Katharine Hepburn",N,Actress,1940
"Martha Scott",N,Actress,1940
"Walter Brennan",Y,Supporting Actor,1940
"Albert Bassermann",N,Supporting Actor,1940
"William Gargan",N,Supporting Actor,1940
"Jack Oakie",N,Supporting Actor,1940
"James Stephenson",N,Supporting Actor,1940
"Jane Darwell",Y,Supporting Actress,1940
"Judith Anderson",N,Supporting Actress,1940
"Ruth Hussey",N,Supporting Actress,1940
"Barbara O'Neil",N,Supporting Actress,1940
"Marjorie Rambeau",N,Supporting Actress,1940
"Gone with the Wind",Y,Picture,1939
"Dark Victory",N,Picture,1939
"Goodbye, Mr. Chips",N,Picture,1939
"Love Affair",N,Picture,1939
"Mr. Smith Goes to Washington",N,Picture,1939
"Ninotchka",N,Picture,1939
"Of Mice and Men",N,Picture,1939
"Stagecoach",N,Picture,1939
"The Wizard of Oz",N,Picture,1939
"Wuthering Heights",N,Picture,1939
"Robert Donat",Y,Actor,1939
"Clark Gable",N,Actor,1939
"Laurence Olivier",N,Actor,1939
"Mickey Rooney",N,Actor,1939
"James Stewart",N,Actor,1939
"Vivien Leigh",Y,Actress,1939
"Bette Davis",N,Actress,1939
"Irene Dunne",N,Actress,1939
"Greta Garbo",N,Actress,1939
"Greer Garson",N,Actress,1939
"Thomas Mitchell",Y,Supporting Actor,1939
"Brian Aherne",N,Supporting Actor,1939
"Harry Carey",N,Supporting Actor,1939
"Brian Donlevy",N,Supporting Actor,1939
"Claude Rains",N,Supporting Actor,1939
"Hattie McDaniel",Y,Supporting Actress,1939
"Olivia de Havilland",N,Supporting Actress,1939
"Geraldine Fitzgerald",N,Supporting Actress,1939
"Edna May Oliver",N,Supporting Actress,1939
"Maria Ouspenskaya",N,Supporting Actress,1939
"You Can't Take It With You",Y,Picture,1938
"Alexander's Ragtime Band",N,Picture,1938
"Boys Town",N,Picture,1938
"Four Daughters",N,Picture,1938
"Grand Illusion",N,Picture,1938
"Jezebel",N,Picture,1938
"Pygmalion",N,Picture,1938
"Test Pilot",N,Picture,1938
"The Adventures of Robin Hood",N,Picture,1938
"The Citadel",N,Picture,1938
"Spencer Tracy",Y,Actor,1938
"Charles Boyer",N,Actor,1938
"James Cagney",N,Actor,1938
"Robert Donat",N,Actor,1938
"Leslie Howard",N,Actor,1938
"Bette Davis",Y,Actress,1938
"Fay Bainter",N,Actress,1938
"Wendy Hiller",N,Actress,1938
"Norma Shearer",N,Actress,1938
"Margaret Sullavan",N,Actress,1938
"Walter Brennan",Y,Supporting Actor,1938
"John Garfield",N,Supporting Actor,1938
"Gene Lockhart",N,Supporting Actor,1938
"Robert Morley",N,Supporting Actor,1938
"Basil Rathbone",N,Supporting Actor,1938
"Fay Bainter",Y,Supporting Actress,1938
"Beulah Bondi",N,Supporting Actress,1938
"Billie Burke",N,Supporting Actress,1938
"Spring Byington",N,Supporting Actress,1938
"Miliza Korjus",N,Supporting Actress,1938
"The Life of Emile Zola",Y,Picture,1937
"A Star Is Born",N,Picture,1937
"Captains Courageous",N,Picture,1937
"Dead End",N,Picture,1937
"In Old Chicago",N,Picture,1937
"Lost Horizon",N,Picture,1937
"One Hundred Men and a Girl",N,Picture,1937
"Stage Door",N,Picture,1937
"The Awful Truth",N,Picture,1937
"The Good Earth",N,Picture,1937
"Spencer Tracy",Y,Actor,1937
"Charles Boyer",N,Actor,1937
"Fredric March",N,Actor,1937
"Robert Montgomery",N,Actor,1937
"Paul Muni",N,Actor,1937
"Luise Rainer",Y,Actress,1937
"Irene Dunne",N,Actress,1937
"Greta Garbo",N,Actress,1937
"Janet Gaynor",N,Actress,1937
"Barbara Stanwyck",N,Actress,1937
"Joseph Schildkraut",Y,Supporting Actor,1937
"Ralph Bellamy",N,Supporting Actor,1937
"Thomas Mitchell",N,Supporting Actor,1937
"H. B. Warner",N,Supporting Actor,1937
"Roland Young",N,Supporting Actor,1937
"Alice Brady",Y,Supporting Actress,1937
"Andrea Leeds",N,Supporting Actress,1937
"Anne Shirley",N,Supporting Actress,1937
"Claire Trevor",N,Supporting Actress,1937
"May Whitty",N,Supporting Actress,1937
"The Great Ziegfeld",Y,Picture,1936
"A Tale of Two Cities",N,Picture,1936
"Anthony Adverse",N,Picture,1936
"Dodsworth",N,Picture,1936
"Libeled Lady",N,Picture,1936
"Mr. Deeds Goes to Town",N,Picture,1936
"Romeo and Juliet",N,Picture,1936
"San Francisco",N,Picture,1936
"The Story of Louis Pasteur",N,Picture,1936
"Three Smart Girls",N,Picture,1936
"Paul Muni",Y,Actor,1936
"Gary Cooper",N,Actor,1936
"Walter Huston",N,Actor,1936
"William Powell",N,Actor,1936
"Spencer Tracy",N,Actor,1936
"Luise Rainer",Y,Actress,1936
"Irene Dunne",N,Actress,1936
"Gladys George",N,Actress,1936
"Carole Lombard",N,Actress,1936
"Norma Shearer",N,Actress,1936
"Walter Brennan",Y,Supporting Actor,1936
"Mischa Auer",N,Supporting Actor,1936
"Stuart Erwin",N,Supporting Actor,1936
"Basil Rathbone",N,Supporting Actor,1936
"Akim Tamiroff",N,Supporting Actor,1936
"Gale Sondergaard",Y,Supporting Actress,1936
"Beulah Bondi",N,Supporting Actress,1936
"Alice Brady",N,Supporting Actress,1936
"Bonita Granville",N,Supporting Actress,1936
"Maria Ouspenskaya",N,Supporting Actress,1936
"Mutiny on the Bounty",Y,Picture,1935
"A Midsummer Night's Dream",N,Picture,1935
"Alice Adams",N,Picture,1935
"Broadway Melody of 1936",N,Picture,1935
"Captain Blood",N,Picture,1935
"David Copperfield",N,Picture,1935
"Les Mis�rables",N,Picture,1935
"Naughty Marietta",N,Picture,1935
"Ruggles of Red Gap",N,Picture,1935
"The Informer",N,Picture,1935
"The Lives of a Bengal Lancer",N,Picture,1935
"Top Hat",N,Picture,1935
"Victor McLaglen",Y,Actor,1935
"Clark Gable",N,Actor,1935
"Charles Laughton",N,Actor,1935
"Franchot Tone",N,Actor,1935
"Bette Davis",Y,Actress,1935
"Elisabeth Bergner",N,Actress,1935
"Claudette Colbert",N,Actress,1935
"Katharine Hepburn",N,Actress,1935
"Miriam Hopkins",N,Actress,1935
"Merle Oberon",N,Actress,1935
"It Happened One Night",Y,Picture,1934
"Cleopatra",N,Picture,1934
"Flirtation Walk",N,Picture,1934
"Here Comes the Navy",N,Picture,1934
"Imitation of Life",N,Picture,1934
"One Night of Love",N,Picture,1934
"The Barretts of Wimpole Street",N,Picture,1934
"The Gay Divorcee",N,Picture,1934
"The House of Rothschild",N,Picture,1934
"The Thin Man",N,Picture,1934
"The White Parade",N,Picture,1934
"Viva Villa!",N,Picture,1934
"Clark Gable",Y,Actor,1934
"Frank Morgan",N,Actor,1934
"William Powell",N,Actor,1934
"Claudette Colbert",Y,Actress,1934
"Bette Davis",N,Actress,1934
"Grace Moore",N,Actress,1934
"Norma Shearer",N,Actress,1934
"Cavalcade",Y,Picture,1933
"42nd Street",N,Picture,1933
"A Farewell to Arms",N,Picture,1933
"I Am a Fugitive from a Chain Gang",N,Picture,1933
"Lady for a Day",N,Picture,1933
"Little Women",N,Picture,1933
"She Done Him Wrong",N,Picture,1933
"Smilin' Through",N,Picture,1933
"State Fair",N,Picture,1933
"The Private Life of Henry VIII",N,Picture,1933
"Charles Laughton",Y,Actor,1933
"Leslie Howard",N,Actor,1933
"Paul Muni",N,Actor,1933
"Katharine Hepburn",Y,Actress,1933
"May Robson",N,Actress,1933
"Diana Wynyard",N,Actress,1933
"Grand Hotel",Y,Picture,1932
"Arrowsmith",N,Picture,1932
"Bad Girl",N,Picture,1932
"Five Star Final",N,Picture,1932
"One Hour with You",N,Picture,1932
"Shanghai Express",N,Picture,1932
"The Champ",N,Picture,1932
"The Smiling Lieutenant",N,Picture,1932
"Wallace Beery",Y,Actor,1932
"Fredric March",Y,Actor,1932
"Alfred Lunt",N,Actor,1932
"Helen Hayes",Y,Actress,1932
"Marie Dressler",N,Actress,1932
"Lynn Fontanne",N,Actress,1932
"Cimarron",Y,Picture,1931
"East Lynne",N,Picture,1931
"Skippy",N,Picture,1931
"The Front Page",N,Picture,1931
"Trader Horn",N,Picture,1931
"Lionel Barrymore",Y,Actor,1931
"Jackie Cooper",N,Actor,1931
"Richard Dix",N,Actor,1931
"Fredric March",N,Actor,1931
"Adolphe Menjou",N,Actor,1931
"Marie Dressler",Y,Actress,1931
"Marlene Dietrich",N,Actress,1931
"Irene Dunne",N,Actress,1931
"Ann Harding",N,Actress,1931
"Norma Shearer",N,Actress,1931
"All Quiet on the Western Front",Y,Picture,1930
"Disraeli",N,Picture,1930
"The Big House",N,Picture,1930
"The Divorcee",N,Picture,1930
"The Love Parade",N,Picture,1930
"George Arliss",Y,Actor,1930
"George Arliss",N,Actor,1930
"Wallace Beery",N,Actor,1930
"Maurice Chevalier",N,Actor,1930
"Maurice Chevalier",N,Actor,1930
"Ronald Colman",N,Actor,1930
"Ronald Colman",N,Actor,1930
"Lawrence Tibbett",N,Actor,1930
"Norma Shearer",Y,Actress,1930
"Nancy Carroll",N,Actress,1930
"Ruth Chatterton",N,Actress,1930
"Greta Garbo",N,Actress,1930
"Greta Garbo",N,Actress,1930
"Norma Shearer",N,Actress,1930
"Gloria Swanson",N,Actress,1930
"The Broadway Melody",Y,Picture,1929
"Alibi",N,Picture,1929
"In Old Arizona",N,Picture,1929
"The Hollywood Revue of 1929",N,Picture,1929
"The Patriot",N,Picture,1929
"Warner Baxter",Y,Actor,1929
"George Bancroft",N,Actor,1929
"Chester Morris",N,Actor,1929
"Paul Muni",N,Actor,1929
"Lewis Stone",N,Actor,1929
"Mary Pickford",Y,Actress,1929
"Ruth Chatterton",N,Actress,1929
"Betty Compson",N,Actress,1929
"Jeanne Eagels",N,Actress,1929
"Corinne Griffith",N,Actress,1929
"Bessie Love",N,Actress,1929
"Wings",Y,Picture,1928
"Seventh Heaven",N,Picture,1928
"The Racket",N,Picture,1928
"Emil Jannings",Y,Actor,1928
"Richard Barthelmess",N,Actor,1928
"Richard Barthelmess",N,Actor,1928
"Janet Gaynor",Y,Actress,1928
"Louise Dresser",N,Actress,1928
"Janet Gaynor",N,Actress,1928
"Janet Gaynor",N,Actress,1928
"Gloria Swanson",N,Actress,1928